,Dataset.Name,Added.By,X.Description..include..sample.type..environment.species..and.comparison.variable..,Sample.Size,Minor.Group.Size,Seq..Tech.,X16S.variable.region,Aitch..PER..R2,Aitch..PER..P,Median.unrarified.depth,Rarefaction.depth,Pipeline.Name,Paper.doi,Raw.data,Metadata.File.Name,Metadata.File.md5sum,ASV.Table.File.Name,ASV.Table.md5sum,ASV.Table.Rarified.Name,ASV.Table.Rarified.md5sum,Genus.Table.File.Name,Genus.Table.md5sum,Genus.Table.Rarified.Name,Genus.Table.Rarified.md5sum,X16S.sequence.fasta.Name,X16S.sequence.fasta.md5sum,Completed.Filter.ASV.Pipeline,Completed.Filter.Genus.Pipeline,Completed.non.Filter.ASV,log(Sample size),Aitchson's Dist. Effect Size,log(Aitch. dist. effect size),Sparsity,Richness,log(Max read depth),log(Read depth range),Read depth variation,% below prev. cut-off
Mouse Facilities,Chemerin,Original hackathon,Stool of mice from different source facilities,115,36,Miseq,V6-V8,NA,NA,6742,2456,Deblur,10.7717/peerj.5494,ENA study PRJEB25165,Chemerin_metadata.tsv,948befc88d2115ad0ca5141131715575,Chemerin_ASVs_table.tsv,043febf6364ddd42e4278dae06b70fe9,Chemerin_ASVs_table_rare.tsv,70de4f109702371199c6bd573b405af4,Chemerin_genus_table.tsv,e79d24ef36623be4c70b989bae25ab8f,Chemerin_genus_table_rare.tsv,e88339c8ff8c976886d76b3e17ae0fa2,,,Yes,Yes,Run,4.74493212836325,0.367475271256685,-1.00109925169071,0.849244722247756,212,8.81611189579401,9.08216603325267,0.266336994298482,62.7202255109232
Soil - Blueberry,Blueberry,Original hackathon,Soil from bulk soil or blueberry rhizosphere associated soil,63,24,Miseq,V6-V8,NA,NA,11442,5215,Deblur,10.1094/PBIOMES-03-17-0012-R,SRA study PRJNA389786,Blueberry_metadata.tsv,aa8345e46fb31ba8349c27d350956b8e,Blueberry_ASVs_table.tsv,8a16a255f91050d45834c41041a57cc6,Blueberry_ASVs_table_rare.tsv,016c3fe900c2857060235db00a7ca948,Blueberry_genus_table.tsv,e8c5043c3b142a08a5f117d234ffb231,Blueberry_genus_table_rare.tsv,9833b42719519e8b892d31e4f3237ea9,,,Yes,Yes,Run,4.14313472639153,0.0340809556081408,-3.37901653726916,0.850452895935006,1245,9.34504607482847,9.37771748138431,0.249219242433489,60.5336567616737
Human - ALL,MALL,Original hackathon,Stool samples from pediatric acute lymphoblastic leukemia patients with or without infections,36,16,Miseq,V4-V5,NA,NA,7171.5,2085,Deblur,10.3389/fcimb.2019.00028,ENA study PRJEB29237,MALL_metadata.tsv,880f8b10eec1a3428812435d0b69a912,MALL_ASVs_table.tsv,e6382142dd3752ae06a8dbaa0ecf39ee,MALL_ASVs_table_rare.tsv,cffe4e9797a390958b3b28ea33950b6b,MALL_genus_table.tsv,1ad33533617e89114050a55e1e444066,MALL_genus_table_rare.tsv,c3b2911df30d973a60a59b198a0f2148,,,Yes,Yes,Run,3.58351893845611,0.0732203266918138,-2.61428220951615,0.897066582251767,78.5,8.87787011673427,9.4444634273334,0.377634554073553,73.3143399810067
Mouse - Exercised,Exercise,Original hackathon,Stool of mice that were forced to exercise vs mice that were not forced to exercise,81,38,Miseq,V6-V8,NA,NA,5212,2184,Deblur,10.1128/mSystems.00006-17,ENA study PRJEB18615,Exercise_metadata.tsv,bb4310e4d1512d44bab1c2a4f3bdcfac,Exercise_ASVs_table.tsv,c71cf9d8d6d37b4deee8e6cd45a3bbbb,Exercise_ASVs_table_rare.tsv,4ee5416e1420637fb4e2adec1785de6e,Exercise_genus_table.tsv,8d40788c6f513f6b77ae32c6a6e20c13,Exercise_genus_table_rare.tsv,88e1010b1cf78aae3a0ee12e6a8c4f70,,,Yes,Yes,Run,4.39444915467244,0.0174263465050254,-4.04977205100109,0.782939832444783,282,8.55871893824474,9.14526837523247,0.299738661689842,45.7730388423458
Human - CD (1),BISCUIT,Original hackathon,Intestinal biopsy samples of pediatric healthy controls vs Crohn's disease patients,38,18,Miseq,V6-V8,NA,NA,7328.5,2098,Deblur,10.1186/s40168-018-0398-3,ENA study PRJEB21933,BISCUIT_metadata.tsv,efa0ac473faeba3bfffe41e545c56bce,BISCUIT_ASVs_table.tsv,537f01d412d67c020a4d85f7efefb287,BISCUIT_ASVs_table_rare.tsv,bbe2d8fee4a479ad292af76d2943b087,BISCUIT_genus_table.tsv,785bf80dd08c632d38db23c7665c57d3,BISCUIT_genus_table_rare.tsv,c5887bb2fc83799cc1d3e371ed1c09c4,,,Yes,Yes ((very few genera classified)),Run,3.63758615972639,0.0315558558761565,-3.4559961010003,0.893078970718722,124,9.10714417914773,9.68053148364599,0.422938002917502,73.9130434782609
Built - Office,Office,Jacob,Comparsion between samples from Toronto office and San Diego office,1107,531,MiSeq,V4,NA,NA,6220,2000,QIITA deblur,10.1128/mSystems.00022-16,QIITA study 10423,Office_metadata.tsv,3f15a7155a8b85df46a76b07b7e82f92,Office_ASVs_table.tsv,4ff9630eb5bb82933855c6659d1aff59,Office_ASVs_table_rare.tsv,b2b5c5e1cb31d867cdce016c1a86460e,Office_genus_table.tsv,1fb559783269c4821783d30f972bbec2,Office_genus_table_rare.tsv,7431bd4234c36c1d912da2d7bc714ac7,,,Yes,Yes,SKIP,7.00940893270864,0.00327291734097775,-5.7220735386009,0.997553963197908,117,8.82187986268384,10.6105376382651,0.742174005929893,99.7530765329276
Human - RA,art_scher,Gavin,Stool samples of rheumatoid arthritis patients vs controls,69,15,454,V1-V2,NA,NA,3216,2024,Duvallet et al. 2017 USEARCH pipeline,10.7554/eLife.01202.001,SRA study SRP023463,art_scher_metadata.tsv,12bc6f58732db34fabfd169da963e09e,art_scher_ASVs_table.tsv,5fa8490c4702ef5075c172c832439a79,art_scher_ASVs_table_rare.tsv,92ec64e9295e44fc96e8981bfc25c72b,art_scher_genus_table.tsv,ce946bcc50fe087cbcbd280cbbeb95ef,art_scher_genus_table_rare.tsv,ba463ffc6738673db9d012b9640db99f,NA,NA,Yes,Yes,Run,4.23410650459726,0.0191558400778249,-3.95514764494835,0.884623541887593,206,8.07589363029886,9.45367863057591,0.603289465307715,63.360433604336
Human - ASD,asd_son,Gavin,Stool samples from neurotypical and autistic sibling children,102,43,Miseq,V1-V2,NA,NA,4781.5,2529,Duvallet et al. 2017 USEARCH pipeline,10.1371/journal.pone.0137725,SRA study SRP057700,asd_son_metadata.tsv,9d7497322f7a2b318d38e94b1bfc772d,asd_son_ASVs_table.tsv,d5a172327a8756802c36f4598f2dad6c,asd_son_ASVs_table_rare.tsv,1293856003233627e1c2bf9df4885896,asd_son_genus_table.tsv,e9439a97e7e8c69ede6827e9af1641ae,asd_son_genus_table_rare.tsv,43f93ed948e0a718098e7ab3b6c88ddc,NA,NA,Yes,Yes,Run,4.62497281328427,0.00869260971347566,-4.74528207253687,0.873504927116245,378,8.4725095837896,8.81299223196997,0.314456599419308,64.4201163188505
Human - C. diff (1),cdi_schubert,Gavin,Stool samples from hospitalized individuals with or without Clostridium difficile infection,237,84,454,V3-V5,NA,NA,4967,2010,Duvallet et al. 2017 USEARCH pipeline,10.1128/mBio.01021-14,mothur.org/CDI_MicrobiomeModeling,cdi_schubert_metadata.tsv,c1e16646fc0a983045c6b07015c0f0b9,cdi_schubert_ASVs_table.tsv,491eefa3d63eb411493e8d376d85f9fd,cdi_schubert_ASVs_table_rare.tsv,f5799890f1392344cb85ce010ee89302,cdi_schubert_genus_table.tsv,fa6d4fa19352d1702052013f53338ee3,cdi_schubert_genus_table_rare.tsv,d01ac7ca1d98b304f6f456e24ed4ce27,NA,NA,Yes,Yes,Run,5.46806014113513,0.0883539564282318,-2.42640429991482,0.925039281111523,254,8.51057131510735,9.52083524249312,0.340908323536215,82.098027495517
Human - C. diff (2),cdi_vincent,Gavin,Stool samples from hospitalized Clostridium difficile patients vs matched controls,40,17,454,V3-V5,NA,NA,2665,2027,Duvallet et al. 2017 USEARCH pipeline,10.1186/2049-2618-1-18,Duvallet et al. 2017 emailed authors,cdi_vincent_metadata.tsv,00c391d2a333354be33582a44980bdcb,cdi_vincent_ASVs_table.tsv,50c7deadfd0c93cb04ee1d84e970a424,cdi_vincent_ASVs_table_rare.tsv,1f4f8632a91d14f07c8adf711d8e60bb,cdi_vincent_genus_table.tsv,3be2101479313f13fe3e12e555156fd4,cdi_vincent_genus_table_rare.tsv,c46095fecb4d1516b380bfeec677c26a,NA,NA,Yes,Yes,Run,3.68887945411394,0.0439697975615856,-3.12425229981217,0.826677631578947,127.5,7.88795933659994,9.76686567499316,1.06204820127045,39.6052631578947
Human - CC (1),crc_baxter,Gavin,Stool samples from colorectal cancer patients vs controls,263,117,MiSeq,V4,NA,NA,11930,2021,Duvallet et al. 2017 USEARCH pipeline,10.1186/s13073-016-0290-3,SRA study SRP062005,crc_baxter_metadata.tsv,2f8baf1df7f0ec50ce98a24c556cf7f5,crc_baxter_ASVs_table.tsv,fb0894c57d50d28d42943ca8b222d3b7,crc_baxter_ASVs_table_rare.tsv,4ffb027cba07473ab75bab376fdf80fb,crc_baxter_genus_table.tsv,8ec21814fa4f271f300128dfc65b7ce0,crc_baxter_genus_table_rare.tsv,94a919d81b02f16ce8ae2e5c60cf462f,NA,NA,Yes,Yes,Run,5.57215403217776,0.0055765718073815,-5.18918106282939,0.957170283270272,670,9.38681151509196,11.75574614551,0.915174938260787,93.4774344213327
Human - CC (2),crc_zeller,Gavin,Stool samples from colorectal cancer patients vs controls,116,41,MiSeq,V4,NA,NA,120989,28042,Duvallet et al. 2017 USEARCH pipeline,10.15252/msb.20145645,ENA study PRJEB6070,crc_zeller_metadata.tsv,dc998f0a61bb9bede74097972c100dca,crc_zeller_ASVs_table.tsv,223ef5c23f4f5a13129d755593a657ff,crc_zeller_ASVs_table_rare.tsv,4973650f0704c8e2acfa49979b2fc10e,crc_zeller_genus_table.tsv,9c147b27f974d2e2e5ee75a8af093e4c,crc_zeller_genus_table_rare.tsv,9298b006fd7018c200b334453db5315a,NA,NA,Yes,Yes,Run,4.75359019110636,0.0163081745890095,-4.1160887883546,0.897387018103771,3898.5,11.7034549113555,12.7819582169673,0.600750706164134,71.5479605837595
Human - Inf.,edd_singh,Gavin,Stool samples from patients with enteric infections vs healthy family members,203,54,454,V3-V5,NA,NA,3377,2006,Duvallet et al. 2017 USEARCH pipeline,10.1186/s40168-015-0109-2,http://dx.doi.org/10.6084/m9.figshare.1447256,edd_singh_metadata.tsv,1dfdb4d221ad5a260c4024f29665f084,edd_singh_ASVs_table.tsv,e7002ee358e565c206878dfc576a5d61,edd_singh_ASVs_table_rare.tsv,49b969f75d997c435703739723a33754,edd_singh_genus_table.tsv,4a7c1d9a82e63854bf1934e576c9faab,edd_singh_genus_table_rare.tsv,71c9e44e396d0ee8337afc437868438b,NA,NA,Yes,Yes,Run,5.31320597904179,0.0608740763961222,-2.7989478698321,0.920716484204407,94,8.12474302038557,9.05157907959124,0.458874425732341,82.9803328290469
Human - HIV (1),hiv_dinh,Gavin,Stool samples from chronic HIV patients vs uninfected controls,30,11,454,V3-V5,NA,NA,3295,2170,Duvallet et al. 2017 USEARCH pipeline,10.1093/infdis/jiu409,SRA study SRP039076,hiv_dinh_metadata.tsv,7c20376ce694f3f93ecb6d36dfecdc92,hiv_dinh_ASVs_table.tsv,10827a3885d77cb119329fd2ee7251f6,hiv_dinh_ASVs_table_rare.tsv,7f425ccc088f51df95d5d114c891d152,hiv_dinh_genus_table.tsv,d2e8e25a9be231667fcca845a5234781,hiv_dinh_genus_table_rare.tsv,c371ede9f03e1934eccd86483549125e,NA,NA,Yes,Yes,Run,3.40119738166216,0.0346830390485636,-3.36150449975106,0.834653988378236,206.5,8.10016144693661,9.14066869872686,0.54732644729383,50.7131537242472
Human - HIV (2),hiv_lozupone,Gavin,Stool samples from HIV patients vs uninfected controls,27,5,MiSeq,V4,NA,NA,3566,2220,Duvallet et al. 2017 USEARCH pipeline,10.1016/j.chom.2013.08.006,ENA study PRJEB4335,hiv_lozupone_metadata.tsv,04e16729a567ffab8336bec39d57e792,hiv_lozupone_ASVs_table.tsv,5fba4b19998174fbb33634c5ee94f0c1,hiv_lozupone_ASVs_table_rare.tsv,5b1dd975a28e57aca842ebdaa4a14a79,hiv_lozupone_genus_table.tsv,9d735c1499f529599c561eb95610c3b9,hiv_lozupone_genus_table_rare.tsv,76cbe52ee95ac4f07bb408b447b9cef3,NA,NA,Yes,Yes,Run,3.29583686600433,0.060723774609126,-2.80141998364496,0.779828271177752,220,8.17919979842309,10.1430554822645,0.987083955334957,38.7543252595156
Human - HIV (3),hiv_noguerajulian,Gavin,Stool samples from HIV patients vs uninfected controls,170,28,MiSeq,V3-V4,NA,NA,27689.5,2012,Duvallet et al. 2017 USEARCH pipeline,10.1016/j.ebiom.2016.01.032,SRA study SRP068240,hiv_noguerajulian_metadata.tsv,581ec94e944b8114c62eecf834d97f17,hiv_noguerajulian_ASVs_table.tsv,b65f6c4f23e961c7605d0e3aafccb8ce,hiv_noguerajulian_ASVs_table_rare.tsv,295a6dcdf741ce428b60b760be844a6b,hiv_noguerajulian_genus_table.tsv,c6579bd98acd464cd64c75904c442332,hiv_noguerajulian_genus_table_rare.tsv,a2baa10be0de123ad3bf9a1b2300451b,NA,NA,Yes,Yes,Run,5.13579843705026,0.0149218759182206,-4.20492696032588,0.914504994982853,1128,10.2288085589417,12.3426250951631,1.016989102903,78.8175652531342
Human - CD (2),ibd_gevers,Gavin,Multiple gut sampletypes from treatment-naïve pediatric Crohn's disease patients and control subjects,154,15,Miseq,V4,NA,NA,10014.5,2071,Duvallet et al. 2017 USEARCH pipeline,10.1016/j.chom.2014.02.005,SRA study SRP040765,ibd_gevers_metadata.tsv,fc2a20f5eaca015383ad954e686178a9,ibd_gevers_ASVs_table.tsv,dfbeaa634491b42ac7589d3250f743d3,ibd_gevers_ASVs_table_rare.tsv,d9263131af5565bdfcbc50252bdfcfba,ibd_gevers_genus_table.tsv,5c86536cd91a76ba4e6573abe709fc0f,ibd_gevers_genus_table_rare.tsv,9808f22a7ba1cf1485441df0197bc307,NA,NA,Yes,Yes,Run,5.03695260241363,0.0149578304895623,-4.20252033770351,0.904827359615382,853.5,9.21178932174129,10.9208174765845,0.722573157336734,71.6276311888527
Human - IBD,ibd_papa,Gavin,Stool samples from inflammatory bowel disease patients vs controls,24,7,454,V3-V5,NA,NA,4471,2089,Duvallet et al. 2017 USEARCH pipeline,10.1371/journal.pone.0039242,Duvallet et al. 2017 emailed authors,ibd_papa_metadata.tsv,97dc018c14ebecdf40dd233434160e9e,ibd_papa_ASVs_table.tsv,eb7addfce7da64c316560b0c437ce0c2,ibd_papa_ASVs_table_rare.tsv,f2e0303f8ee6ab0a14a0a4d86627e1f9,ibd_papa_genus_table.tsv,48904739fe42d6e0a063c2391026723f,ibd_papa_genus_table_rare.tsv,5bb756f5968b1851836e320fa27fd907,NA,NA,Yes,Yes,Run,3.17805383034795,0.0608473718284121,-2.79938665146883,0.854482445912683,348.5,8.40536737623398,8.39049553837028,0.293638838297592,60.5518849591916
Human - OB (1),ob_goodrich,Gavin,Stool samples from dizygotic and monozygotic twins from the TwinsUK cohort. Particular focus on non-obese vs obese individuals,613,185,Miseq,V4,NA,NA,27077,3433,Duvallet et al. 2017 USEARCH pipeline,10.1016/j.cell.2014.09.053,ENA studies PRJEB6702 and PRJEB6705,ob_goodrich_metadata.tsv,4195be0785f9f5c20e0c80e10ce6bf2f,ob_goodrich_ASVs_table.tsv,8bb724c44cce17bf5e5bd4208ae2420b,ob_goodrich_ASVs_table_rare.tsv,ec7fb3b7a58aaed2617f029706a83b7c,ob_goodrich_genus_table.tsv,28d8db1ff324ce8f1e986479e82abac9,ob_goodrich_genus_table_rare.tsv,a3a3edc1bdb25e46e44d29964e62586d,NA,NA,Yes,Yes,SKIP,6.41836493593621,0.00448856604165553,-5.40622199535109,0.95884729206599,2241,10.2064399380238,11.4337956737949,0.461889990573419,92.3397183903938
Human - OB (2),ob_ross,Gavin,Stool samples from subjects within a community with varying health conditions,52,21,454,V1-V3,NA,NA,5038.5,2017,Duvallet et al. 2017 USEARCH pipeline,10.1186/s40168-015-0072-y,SRA study SRP053023,ob_ross_metadata.tsv,d9ee0b87a4e69ea4b5d22bd36f2eab47,ob_ross_ASVs_table.tsv,7f59f81e748a023b3eade6449f4f2cfb,ob_ross_ASVs_table_rare.tsv,79dd1486ea00f11336f88e0cd7101724,ob_ross_genus_table.tsv,4f7b0b115c4a97648484d8351b3e7110,ob_ross_genus_table_rare.tsv,34bc7b82dd312065949e018ff6695c0f,NA,NA,Yes,Yes,Run,3.95124371858143,0.0185682894609536,-3.98630002089446,0.819281923396637,205.5,8.52486369772046,9.49167735686812,0.486676866808986,50.0415627597672
Human - OB (3),ob_turnbaugh,Gavin,Stool samples from dizygotic and monozygotic twins with a particular focus on non-obese vs obese individuals,78,23,454,V2,NA,NA,2831,2008,Duvallet et al. 2017 USEARCH pipeline,10.1038/nature07540,https://gordonlab.wustl.edu/NatureTwins_2008/TurnbaughNature_11_30_08.html,ob_turnbaugh_metadata.tsv,309fa9cb403e36f851ed257fd3785a63,ob_turnbaugh_ASVs_table.tsv,6386d315b51cfff298f4e5b444779b77,ob_turnbaugh_ASVs_table_rare.tsv,8d033b9febe3635878f48be11b9eb749,ob_turnbaugh_genus_table.tsv,41752b04eab3dea5d721b1278697cb8c,ob_turnbaugh_genus_table_rare.tsv,c4d211c3f146eb09d470bd03cf7537f5,NA,NA,Yes,Yes,Run,4.35670882668959,0.0260430642537702,-3.64800379368895,0.901505901505901,544.5,7.9483852851119,9.85712942855798,0.83536351551336,73.8831615120275
Human - OB (4),ob_zhu,Gavin,"Stool samples from nonalcoholic steatohepatitis, obese, and control individuals. Subset chosen for comparison was obese vs control subjects",41,16,454,V4,NA,NA,9778,2196,Duvallet et al. 2017 USEARCH pipeline,10.1002/hep.26093,"MG-RAST, study mgp1195",ob_zhu_metadata.tsv,4569d3edc1772466fd43d23a71408892,ob_zhu_ASVs_table.tsv,ae25f3b795f42550561affd9a88cf867,ob_zhu_ASVs_table_rare.tsv,643b151069c55e83eec6fb6f199077ac,ob_zhu_genus_table.tsv,27eb7abf4c988089c3abe6aed2c4900d,ob_zhu_genus_table_rare.tsv,3e08d9ae59079825f57a224282d06cc7,NA,NA,Yes,Yes,Run,3.71357206670431,0.0627735887772468,-2.76822085484038,0.844463421996128,544,9.18789024313859,9.5719232522675,0.368345295526736,56.5952309085421
Human - Par.,par_scheperjans,Gavin,Stool samples from Parkinson's disease vs control subjects,108,53,454,V1-V3,NA,NA,2476.5,2023,Duvallet et al. 2017 USEARCH pipeline,10.1002/mds.26069,ENA study PRJEB4927,par_scheperjans_metadata.tsv,1c636e1871d4c390a52517e84762fd82,par_scheperjans_ASVs_table.tsv,800503fe4e220c91cf57eedf14d9766e,par_scheperjans_ASVs_table_rare.tsv,76f552535c520e8983cfda6c46749fa5,par_scheperjans_genus_table.tsv,82fe8bb662633d656a53f471d9ff8f48,par_scheperjans_genus_table_rare.tsv,444dbd9c379c4e77b648189db39671b5,NA,NA,Yes,Yes,Run,4.68213122712422,0.0116310509030206,-4.45407695513919,0.914417080310551,248.5,7.81460155202829,7.82883452758809,0.203428918043164,78.0756013745705
Human - T1D (1),t1d_alkanani,Gavin,Stool samples from Type 1 diabetes vs control subjects,102,50,MiSeq,V4,NA,NA,9885,2060,Duvallet et al. 2017 USEARCH pipeline,10.2337/db14-1847,Duvallet et al. 2017 emailed authors,t1d_alkanani_metadata.tsv,044d99b764bf76f76ba9484459360ee4,t1d_alkanani_ASVs_table.tsv,b81c5e86b0b4ba9547415a59082d0f0f,t1d_alkanani_ASVs_table_rare.tsv,0e055422b4e0df3959e161df1d3e8faa,t1d_alkanani_genus_table.tsv,1b4150a1131694ecdb28b5369b6a9c44,t1d_alkanani_genus_table_rare.tsv,8627b1f5b6f3e76c0db4682d2c25c29d,NA,NA,Yes,Yes,Run,4.62497281328427,0.0138413204515799,-4.28009692499255,0.95059163704835,3193,9.19877373560472,11.454957311615,1.12704974198559,99.3173201516533
Human - T1D (2),t1d_mejialeon,Gavin,Stool samples from Type 1 diabetes vs control subjects,28,8,454,V4,NA,NA,4702.5,2202,Duvallet et al. 2017 USEARCH pipeline,10.1038/srep03814,Duvallet et al. 2017 emailed authors,t1d_mejialeon_metadata.tsv,cbbb052c0be6d9dd775a9f60096f3b71,t1d_mejialeon_ASVs_table.tsv,a5fe769d350a77b4c1987c62b93ad90d,t1d_mejialeon_ASVs_table_rare.tsv,ba47e0eb5dcff9519495f4c3cc212caf,t1d_mejialeon_genus_table.tsv,89c4eefe41c3ed1ed360e95cc05e8f83,t1d_mejialeon_genus_table_rare.tsv,1943f725d5403e2f46ce70ef0eba08c5,NA,NA,Yes,Yes,Run,3.3322045101752,0.0663230678240696,-2.71321751132283,0.732799599699775,153,8.45584956117519,8.98117874833641,0.400473645017466,30.4728546409807
WWSR - Continents,GWMC_ASIA_NA,Nicole,waste water sludge reactor samples from asia vs. north america,865,248,MiSeq,V4,NA,NA,35206,25600,Wu et al. 2019,10.1038/s41564-019-0426-5,SRA PRJNA509305,GWMC_ASIA_NA_metadata.csv,6da956a9c46bd1fd14485a7470fcc8c3,GWMC_ASIA_NA_ASVs_table.tsv,3a52dee4e4aac034d9b5c12f6c5fe13c,GWMC_ASIA_NA_ASVs_table_rare.tsv,84d0c6a03d6812644cd40bcd12d16b85,GWMC_ASIA_NA_genus_table.tsv,d7fb68715fe13e7ed5643953f7d2a6b6,GWMC_ASIA_NA_genus_table_rare.tsv,8d6eddbb9f9c98c8094f3f4dfa7b62db,GWMC_ASVs.fasta,45b7d1562b086699d4dd2a73c37f7a01,Yes,Yes,SKIP,6.76157276880406,0.05394252312387,-2.91983618587455,0.967494284760818,2818,10.4689718016059,12.6920295912072,0.647496955894165,91.8520181889631
WWSR - Temp.,GWMC_HOT_COLD,Nicole,"waste water sludge reactor samples from hot (30 N to 30 S) and cold (30 N and up, 30 S and down)",1021,223,MiSeq,V4,NA,NA,36791,25600,Wu et al. 2019,10.1038/s41564-019-0426-5,SRA PRJNA509305,GWMC_HOT_COLD_metadata.csv,4c85ce7e171fec0aecdc67c2c1b7c5dc,GWMC_HOT_COLD_ASVs_table.tsv,032a3c52e0d504a6db8c3f0cc5441095,GWMC_HOT_COLD_ASVs_table_rare.tsv,5aa16491f458e1b5866bf64ed8c288ec,GWMC_HOT_COLD_genus_table.tsv,287225916768385c321b8688a5abfec4,GWMC_HOT_COLD_genus_table_rare.tsv,925bfda08eb3fe91893518322089f6cd,GWMC_ASVs.fasta,45b7d1562b086699d4dd2a73c37f7a01,Yes,Yes,SKIP,6.92853781816467,0.0218820845319328,-3.82208703485426,0.96960263275249,2755,10.5130085290287,12.695305821226,0.593437371283741,92.3018474697697
Marine - Sediment,sw_sed_detender,Robyn,Marine seawater vs sediment samples from the Belgian North Sea,78,18,MiSeq,V3-V4,NA,NA,25624,2000,Deblur,10.1021/acs.est.5b01093,SRA SRA233339,sw_sed_detender_metadata.tsv,a845335880a82d739662e090ebf06609,sw_sed_detender_ASVs_table.tsv,1ae1769dba473a4e7a34356e7ffa5b34,sw_sed_detender_ASVs_table_rare.tsv,5237868549895a67db91ae028729cae7,sw_sed_detender_genus_table.tsv,e09ab9516d21c12bdc40bf1aae463359,sw_sed_detender_genus_table_rare.tsv,5f82916a411ff2de8ed5a5daf9d1fb28,sw_sed_detender_ASVs.fasta,b3af4f6d20994e601d885517dff4b941,Yes,Yes,Run,4.35670882668959,0.233368291916124,-1.45513742133144,0.915360045418656,551,10.151284691289,12.3413637389726,0.941025386912675,79.105033026328
Marine - Plastic (1),sw_plastic_frere,Robyn,"Marine plastic vs seawater samples from the Bay of Brest, Northern Atlantic",59,12,MiSeq,V4-V5,NA,NA,75591,2000,Deblur,10.1016/j.envpol.2018.07.023,VAMPS portal LQM_MPLA_Bv4v5,sw_plastic_frere_metadata.tsv,7a5726c5032db814669fbefd80117ce1,sw_plastic_frere_ASVs_table.tsv,5c4aa44b2db38bacf12f7479585ab45d,sw_plastic_frere_ASVs_table_rare.tsv,01240b4a5c030db63034c491ce8b24c9,sw_plastic_frere_genus_table.tsv,90d2f630d22c3e8f7c9877b8f456c796,sw_plastic_frere_genus_table_rare.tsv,d0974ea65c91a41e99f8fa80d39235ac,sw_plastic_frere_ASVs.fasta,d4036f426f9b0d159a8f9062f3ca78d0,Still Running,Still Running,SKIP,4.07753744390572,0.0975763278489827,-2.3271203575122,0.909365607716604,1903,11.2330925074618,12.2629821395033,0.413653534862149,75.9317782794081
Marine - Plastic (2),sed_plastic_hoellein,Robyn,River plastic vs sediment samples from the North Shore Channel of Lake Michigan,31,12,MiSeq,V4,NA,NA,16664,2000,Deblur,10.1086/693012,SRA SRP077684,sed_plastic_hoellein_metadata.tsv,7e35c006555bc332b49cea2e89a93fa1,sed_plastic_hoellein_ASVs_table.tsv,d42661b3a562a683c96d9eaceb297873,sed_plastic_hoellein_ASVs_table_rare.tsv,95ac22d68ab828f0811f27e42e6c92bf,sed_plastic_hoellein_genus_table.tsv,9834a6eef3f3b62c3bb6e8e62d16ef23,sed_plastic_hoellein_genus_table_rare.tsv,8fa904746da2d1a4db69565afec7b1be,sed_plastic_hoellein_ASVs.fasta,8d1b256988890785f5b9981edd5a8768,Yes,Yes,Run,3.43398720448515,0.0960070521610969,-2.34333363020093,0.840343671602691,1304,9.72100598294081,9.87544809550488,0.229603808475843,61.899518238128
Marine - Plastic (3),wood_plastic_kesy,Robyn,Marine plastic vs wood samples in the Baltic Sea,72,24,MiSeq,V4,NA,NA,34990,2000,Deblur,10.3389/fmicb.2019.01665,SRA PRJNA506548,wood_plastic_kesy_metadata.tsv,6d925af5db18f4e7117572a34b16b92c,wood_plastic_kesy_ASVs_table.tsv,94f516322657a6185edb5675edf0957f,wood_plastic_kesy_ASVs_table_rare.tsv,e951338ca72964df1c47771565ccd87d,wood_plastic_kesy_genus_table.tsv,df12cd0ab37f3f243c7b6f9dd3feae0a,wood_plastic_kesy_genus_table_rare.tsv,c82d1bf85120ed27be37df6714d01392,wood_plastic_kesy_ASVs.fasta,fb4ce9d836f3f7bcb45f59862b9b2a79,Yes,No,Run,4.27666611901606,0.0413541034229947,-3.18558362608792,0.875835324261625,396,10.4628175853617,11.4065755711503,0.464782052481046,74.2910564038641
River - Plastic,seston_plastic_mccormick,Robyn,River plastic vs seston samples from the North Shore Channel of Lake Michigan,65,26,MiSeq,V4,NA,NA,18942,2000,Deblur,doi.org/10.1002/ecs2.1556,SRA SRP065321,seston_plastic_mccormick_metadata.tsv,3a4a35c65031d73d0138e24dbcbbc4e7,seston_plastic_mccormick_ASVs_table.tsv,a78c6a113e84566902a83182ff5a6a07,seston_plastic_mccormick_ASVs_table_rare.tsv,5b5892c72899c154455eab800f4a59f4,seston_plastic_mccormick_genus_table.tsv,e66b66884d0b4f2783601dba4817bf62,seston_plastic_mccormick_genus_table_rare.tsv,73ac361231a76d5c27ec082f1f4ae090,seston_plastic_mccormick_ASVs.fasta,728b57e731d15013553c2e5a6b60ec5f,Yes,Yes,Run,4.17438726989564,0.0708130130257204,-2.64771249537327,0.909072532206619,786,9.84913695778605,10.5215878587732,0.445905830283149,78.5675821217017
Marine - Plastic (4),glass_plastic_oberbeckmann,Robyn,Marine plastic vs glass samples from the North Sea,30,8,MiSeq,V4,NA,NA,4545,2000,Deblur,10.1371/journal.pone.0159289,SRA PRJNA283545,glass_plastic_oberbeckmann_metadata.tsv,51ce83789943ccc3f5321107e7954a9a,glass_plastic_oberbeckmann_ASVs_table.tsv,e9d6b8b21f6208e0ffa2a2ceb2a29737,glass_plastic_oberbeckmann_ASVs_table_rare.tsv,944483753645bc75100e39407cba2bc7,glass_plastic_oberbeckmann_genus_table.tsv,13cc9925316158d3bfd16e46ad4db29a,glass_plastic_oberbeckmann_genus_table_rare.tsv,2b120053be931a571654347015b6f041,glass_plastic_oberbeckmann_ASVs.fasta,35bd49c5bc7c4c387575d5ec3ec9221a,Yes,Yes,Run,3.40119738166216,0.075732347035947,-2.58054990418101,0.874605572339711,247,8.42178300661158,9.6912221193691,0.557165906250633,65.5085599194361
Marine - Plastic (5),sed_plastic_rosato,Robyn,Marine plastic vs sediment samples from anaerobic slurry microcosms,39,12,MiSeq,V1-V3,NA,NA,10851,2000,Deblur,10.1016/j.scitotenv.2019.135790,SRA PRJNA602877,sed_plastic_rosato_metadata.tsv,2f99e90af95bf7f66a7292e3d051731b,sed_plastic_rosato_ASVs_table.tsv,9161a4f31d526fd8fbd7bfda021a2b05,sed_plastic_rosato_ASVs_table_rare.tsv,ecda3efc91f458576cc2b1091ca88b3b,sed_plastic_rosato_genus_table.tsv,9cd892ec3a1f890b290ee6edfa92110e,sed_plastic_rosato_genus_table_rare.tsv,e092b67c2e779a6b711a5af8192c8116,sed_plastic_rosato_ASVs.fasta,2b99b8a74dc21d95ba393742f11599bb,Yes,Yes,Run,3.66356164612965,0.195400963026763,-1.63270161089654,0.72321375453626,534,9.29201252062021,9.87991181600742,0.433468260536464,25.0580046403712
Soil - Arctic,ArcticTransects,André,Canada+USA Arctic soils vs Russian Arctic soils,178,69,MiSeq,V4,NA,NA,22472,2000,Deblur,?,ENA study ERP111883,ArcticTransects_meta.tsv,68f00ba2f1b2cd6a6dfc3ccd1f13b1db,ArcticTransects_ASVs_table.tsv,df0d3b76c9733b17a4bf3fe9e59b801e,ArcticTransects_ASVs_table_rare.tsv,6cfb68c970d9547ebf0ae75f96851b18,ArcticTransects_genus_table.tsv,248a61613140c380319facc45e159ca3,ArcticTransects_genus_table_rare.tsv,dbe067d34aded0aa921ab2e8c3e7d196,ArcticTransects.fa,c38c876a7a4698ace3cf16c5fc0f3b58,Yes,No,SKIP,5.18178355029209,0.0687747984673482,-2.67691790249425,0.976486952251881,2908.5,10.3131936549015,11.0121326769046,0.530453304408067,96.1067205520973
Soil - Fires,ArcticFireSoils,André,Control vs locations of fires in Arctic soils,147,48,HiSeq,V4,NA,NA,71394,"45,300",Deblur,?,ENA study ERP016543,ArcticFireSoils_meta.tsv,d95195300546b36d2bd138475369d76b,ArcticFireSoils_ASVs_table.tsv,5da5d4a04f39d6e59ec5fdda96435138,ArcticFireSoils_ASVs_table_rare.tsv,9b25522d2a3405258c00716e7d5e1ff1,ArcticFireSoils_genus_table.tsv,045c6b0aa29775f27bb6b5d8f2844a41,ArcticFireSoils_genus_table_rare.tsv,d5a595a5883a1666f4ac471a39e82d01,ArcticFireSoils.fa,d59b897c9ec244242add95d0130878e1,Yes,Yes,SKIP,4.99043258677874,0.0542323195067593,-2.91447824739053,0.957042532856615,1553,11.1734868329454,11.4161722444833,0.180402342602714,90.7743131093385
Freshwater - Arctic,ArcticFreshwaters,André,Arctic lake vs watershed,936,465,HiSeq,V4,NA,NA,3272,2000,Deblur,?,ENA study ERP017459,ArcticFreshwaters_meta.tsv,fe4d6ebfdd3e8ab6a88f353bd92ec2be,ArcticFreshwaters_ASVs_table.tsv,260cb3bd9e05565433b39ed9d8804d50,ArcticFreshwaters_ASVs_table_rare.tsv,b5084e20951a0248b7d068511f83ab57,ArcticFreshwaters_genus_table.tsv,29de49b69a4517533680b66b3b3c81ab,ArcticFreshwaters_genus_table_rare.tsv,b1cb7229075eec645c7be2629b63ce2f,ArcticFreshwaters.fa,,Yes,Yes,SKIP,6.84161547647759,0.0502799463570677,-2.99014896214475,0.995127449600773,655.5,8.82563331695253,10.6173193242889,0.536994037326581,99.7961215684415
Freshwater - Treat.,Ji_WTP_DS,Nicole,Water samples from a water treatment plant and a distribution system,59,29,MiSeq,V4,NA,NA,65455,35880,Deblur,10.1371/journal. pone.0141087,QIITA study 10251,Ji_WTP_DS_metadata.csv,e90dba74241cc32501e91e760ab3206b,Ji_WTP_DS_ASVs_table.tsv,f22c9fb205d8420f1e3f1041f5df6968,Ji_WTP_DS_ASVs_table_rare.tsv,587e083c3f409ea7f014a5ca511cbd8b,Ji_WTP_DS_genus_table.tsv,02e0d4d1fed9e90c548cd293b908f4ee,Ji_WTP_DS_genus_table_rare.tsv,cdc76028ff7436e1e6fe152947cc5ca1,Ji_WTP_DS.fa,21101a21542be7d751936121a6096f12,Yes,Yes,Run,4.07753744390572,0.252316295920156,-1.37707183596332,0.956424827536519,157,11.0891181626142,11.1342824079053,0.19531338538507,93.1987247608927
