,Var1,Var2,value,type
1,ArcticFireSoils,ALDEx2,0.996124031007752,Recall
2,ArcticFreshwaters,ALDEx2,1,Recall
3,ArcticTransects,ALDEx2,1,Recall
4,art_scher,ALDEx2,0,Recall
6,BISCUIT,ALDEx2,0,Recall
7,Blueberry,ALDEx2,0,Recall
8,cdi_schubert,ALDEx2,0.887096774193548,Recall
9,cdi_vincent,ALDEx2,0,Recall
10,Chemerin,ALDEx2,1,Recall
12,crc_zeller,ALDEx2,0,Recall
13,edd_singh,ALDEx2,0.848484848484849,Recall
14,Exercise,ALDEx2,0,Recall
15,glass_plastic_oberbeckmann,ALDEx2,0.0641025641025641,Recall
16,GWMC_ASIA_NA,ALDEx2,1,Recall
17,GWMC_HOT_COLD,ALDEx2,1,Recall
18,hiv_dinh,ALDEx2,0,Recall
19,hiv_lozupone,ALDEx2,0,Recall
20,hiv_noguerajulian,ALDEx2,0,Recall
21,ibd_gevers,ALDEx2,0,Recall
22,ibd_papa,ALDEx2,0,Recall
23,Ji_WTP_DS,ALDEx2,0.809090909090909,Recall
24,MALL,ALDEx2,0.0454545454545455,Recall
26,ob_ross,ALDEx2,0,Recall
27,ob_turnbaugh,ALDEx2,0,Recall
28,ob_zhu,ALDEx2,0.027027027027027,Recall
30,par_scheperjans,ALDEx2,0,Recall
31,sed_plastic_hoellein,ALDEx2,0.00992555831265509,Recall
32,sed_plastic_rosato,ALDEx2,0.575692963752665,Recall
33,seston_plastic_mccormick,ALDEx2,0.264462809917355,Recall
34,sw_plastic_frere,ALDEx2,0.427889207258835,Recall
35,sw_sed_detender,ALDEx2,0.661431064572426,Recall
36,t1d_alkanani,ALDEx2,0,Recall
37,t1d_mejialeon,ALDEx2,0.00917431192660551,Recall
38,wood_plastic_kesy,ALDEx2,0.486486486486487,Recall
39,ArcticFireSoils,ANCOM-II,0.651162790697674,Recall
40,ArcticFreshwaters,ANCOM-II,0.785714285714286,Recall
41,ArcticTransects,ANCOM-II,0.629565217391304,Recall
42,art_scher,ANCOM-II,0,Recall
44,BISCUIT,ANCOM-II,0.25,Recall
45,Blueberry,ANCOM-II,0.170454545454545,Recall
46,cdi_schubert,ANCOM-II,0.693548387096774,Recall
47,cdi_vincent,ANCOM-II,0.0526315789473684,Recall
48,Chemerin,ANCOM-II,0.702020202020202,Recall
50,crc_zeller,ANCOM-II,0.857142857142857,Recall
51,edd_singh,ANCOM-II,0.424242424242424,Recall
52,Exercise,ANCOM-II,1,Recall
53,glass_plastic_oberbeckmann,ANCOM-II,0.0512820512820513,Recall
54,GWMC_ASIA_NA,ANCOM-II,0.996955859969559,Recall
55,GWMC_HOT_COLD,ANCOM-II,1,Recall
56,hiv_dinh,ANCOM-II,0,Recall
57,hiv_lozupone,ANCOM-II,0.0072992700729927,Recall
58,hiv_noguerajulian,ANCOM-II,0.916666666666667,Recall
59,ibd_gevers,ANCOM-II,0.236559139784946,Recall
60,ibd_papa,ANCOM-II,0,Recall
61,Ji_WTP_DS,ANCOM-II,0.245454545454545,Recall
62,MALL,ANCOM-II,0.0454545454545455,Recall
64,ob_ross,ANCOM-II,0,Recall
65,ob_turnbaugh,ANCOM-II,0.142857142857143,Recall
66,ob_zhu,ANCOM-II,0.0972972972972973,Recall
68,par_scheperjans,ANCOM-II,0,Recall
69,sed_plastic_hoellein,ANCOM-II,0.032258064516129,Recall
70,sed_plastic_rosato,ANCOM-II,0.119402985074627,Recall
71,seston_plastic_mccormick,ANCOM-II,0.169421487603306,Recall
72,sw_plastic_frere,ANCOM-II,0.376313276026743,Recall
73,sw_sed_detender,ANCOM-II,0.206806282722513,Recall
74,t1d_alkanani,ANCOM-II,0,Recall
75,t1d_mejialeon,ANCOM-II,0.00917431192660551,Recall
76,wood_plastic_kesy,ANCOM-II,0.108108108108108,Recall
77,ArcticFireSoils,corncob,0.786821705426357,Recall
78,ArcticFreshwaters,corncob,1,Recall
79,ArcticTransects,corncob,0.893913043478261,Recall
80,art_scher,corncob,0.111111111111111,Recall
82,BISCUIT,corncob,0,Recall
83,Blueberry,corncob,0.0681818181818182,Recall
84,cdi_schubert,corncob,0.596774193548387,Recall
85,cdi_vincent,corncob,0.157894736842105,Recall
86,Chemerin,corncob,0.257575757575758,Recall
88,crc_zeller,corncob,0.714285714285714,Recall
89,edd_singh,corncob,0.878787878787879,Recall
90,Exercise,corncob,0,Recall
91,glass_plastic_oberbeckmann,corncob,0.102564102564103,Recall
92,GWMC_ASIA_NA,corncob,0.990867579908676,Recall
93,GWMC_HOT_COLD,corncob,0.991150442477876,Recall
94,hiv_dinh,corncob,0.027027027027027,Recall
95,hiv_lozupone,corncob,0.0510948905109489,Recall
96,hiv_noguerajulian,corncob,0.25,Recall
97,ibd_gevers,corncob,0.67741935483871,Recall
98,ibd_papa,corncob,0.037037037037037,Recall
99,Ji_WTP_DS,corncob,0.272727272727273,Recall
100,MALL,corncob,0.409090909090909,Recall
102,ob_ross,corncob,0,Recall
103,ob_turnbaugh,corncob,0.0476190476190476,Recall
104,ob_zhu,corncob,0.378378378378378,Recall
106,par_scheperjans,corncob,0,Recall
107,sed_plastic_hoellein,corncob,0.136476426799007,Recall
108,sed_plastic_rosato,corncob,0.639658848614073,Recall
109,seston_plastic_mccormick,corncob,0.586776859504132,Recall
110,sw_plastic_frere,corncob,0.345749761222541,Recall
111,sw_sed_detender,corncob,0.62739965095986,Recall
112,t1d_alkanani,corncob,0.201520912547529,Recall
113,t1d_mejialeon,corncob,0.385321100917431,Recall
114,wood_plastic_kesy,corncob,0.567567567567568,Recall
115,ArcticFireSoils,DESeq2,0.937984496124031,Recall
116,ArcticFreshwaters,DESeq2,1,Recall
117,ArcticTransects,DESeq2,0.95304347826087,Recall
118,art_scher,DESeq2,0.0555555555555556,Recall
120,BISCUIT,DESeq2,0.25,Recall
121,Blueberry,DESeq2,0.0795454545454545,Recall
122,cdi_schubert,DESeq2,0.983870967741935,Recall
123,cdi_vincent,DESeq2,0.526315789473684,Recall
124,Chemerin,DESeq2,0.95959595959596,Recall
126,crc_zeller,DESeq2,1,Recall
127,edd_singh,DESeq2,0.787878787878788,Recall
128,Exercise,DESeq2,0,Recall
129,glass_plastic_oberbeckmann,DESeq2,0.0769230769230769,Recall
130,GWMC_ASIA_NA,DESeq2,0.996955859969559,Recall
131,GWMC_HOT_COLD,DESeq2,0.991150442477876,Recall
132,hiv_dinh,DESeq2,0,Recall
133,hiv_lozupone,DESeq2,0.138686131386861,Recall
134,hiv_noguerajulian,DESeq2,0,Recall
135,ibd_gevers,DESeq2,0.021505376344086,Recall
136,ibd_papa,DESeq2,0,Recall
137,Ji_WTP_DS,DESeq2,0.9,Recall
138,MALL,DESeq2,0.545454545454545,Recall
140,ob_ross,DESeq2,0,Recall
141,ob_turnbaugh,DESeq2,0.0714285714285714,Recall
142,ob_zhu,DESeq2,0.259459459459459,Recall
144,par_scheperjans,DESeq2,0,Recall
145,sed_plastic_hoellein,DESeq2,0.136476426799007,Recall
146,sed_plastic_rosato,DESeq2,0.639658848614073,Recall
147,seston_plastic_mccormick,DESeq2,0.847107438016529,Recall
148,sw_plastic_frere,DESeq2,0.909264565425024,Recall
149,sw_sed_detender,DESeq2,0.732111692844677,Recall
150,t1d_alkanani,DESeq2,0,Recall
151,t1d_mejialeon,DESeq2,0.146788990825688,Recall
152,wood_plastic_kesy,DESeq2,0.540540540540541,Recall
153,ArcticFireSoils,edgeR,0.976744186046512,Recall
154,ArcticFreshwaters,edgeR,1,Recall
155,ArcticTransects,edgeR,0.987826086956522,Recall
156,art_scher,edgeR,0.111111111111111,Recall
158,BISCUIT,edgeR,0.5,Recall
159,Blueberry,edgeR,0.704545454545455,Recall
160,cdi_schubert,edgeR,0.854838709677419,Recall
161,cdi_vincent,edgeR,0.368421052631579,Recall
162,Chemerin,edgeR,1,Recall
164,crc_zeller,edgeR,1,Recall
165,edd_singh,edgeR,0.939393939393939,Recall
166,Exercise,edgeR,0,Recall
167,glass_plastic_oberbeckmann,edgeR,0.615384615384615,Recall
168,GWMC_ASIA_NA,edgeR,0.995433789954338,Recall
169,GWMC_HOT_COLD,edgeR,0.991150442477876,Recall
170,hiv_dinh,edgeR,0.378378378378378,Recall
171,hiv_lozupone,edgeR,0.0656934306569343,Recall
172,hiv_noguerajulian,edgeR,0.583333333333333,Recall
173,ibd_gevers,edgeR,0.548387096774194,Recall
174,ibd_papa,edgeR,0.281481481481481,Recall
175,Ji_WTP_DS,edgeR,0.945454545454545,Recall
176,MALL,edgeR,0.863636363636364,Recall
178,ob_ross,edgeR,0.5,Recall
179,ob_turnbaugh,edgeR,0.619047619047619,Recall
180,ob_zhu,edgeR,0.551351351351351,Recall
182,par_scheperjans,edgeR,0.0909090909090909,Recall
183,sed_plastic_hoellein,edgeR,0.67741935483871,Recall
184,sed_plastic_rosato,edgeR,0.852878464818763,Recall
185,seston_plastic_mccormick,edgeR,0.946280991735537,Recall
186,sw_plastic_frere,edgeR,0.991404011461318,Recall
187,sw_sed_detender,edgeR,0.985165794066318,Recall
188,t1d_alkanani,edgeR,0,Recall
189,t1d_mejialeon,edgeR,0.119266055045872,Recall
190,wood_plastic_kesy,edgeR,0.891891891891892,Recall
191,ArcticFireSoils,LEfSe,1,Recall
192,ArcticFreshwaters,LEfSe,1,Recall
193,ArcticTransects,LEfSe,0.998260869565217,Recall
194,art_scher,LEfSe,0.722222222222222,Recall
196,BISCUIT,LEfSe,1,Recall
197,Blueberry,LEfSe,1,Recall
198,cdi_schubert,LEfSe,1,Recall
199,cdi_vincent,LEfSe,0.947368421052632,Recall
200,Chemerin,LEfSe,1,Recall
202,crc_zeller,LEfSe,1,Recall
203,edd_singh,LEfSe,1,Recall
204,Exercise,LEfSe,1,Recall
205,glass_plastic_oberbeckmann,LEfSe,0.794871794871795,Recall
206,GWMC_ASIA_NA,LEfSe,1,Recall
207,GWMC_HOT_COLD,LEfSe,1,Recall
208,hiv_dinh,LEfSe,0.513513513513513,Recall
209,hiv_lozupone,LEfSe,0.248175182481752,Recall
210,hiv_noguerajulian,LEfSe,1,Recall
211,ibd_gevers,LEfSe,0.731182795698925,Recall
212,ibd_papa,LEfSe,0.496296296296296,Recall
213,Ji_WTP_DS,LEfSe,1,Recall
214,MALL,LEfSe,1,Recall
216,ob_ross,LEfSe,1,Recall
217,ob_turnbaugh,LEfSe,0.976190476190476,Recall
218,ob_zhu,LEfSe,0.724324324324324,Recall
220,par_scheperjans,LEfSe,0.818181818181818,Recall
221,sed_plastic_hoellein,LEfSe,0.550868486352357,Recall
222,sed_plastic_rosato,LEfSe,0.865671641791045,Recall
223,seston_plastic_mccormick,LEfSe,0.93801652892562,Recall
224,sw_plastic_frere,LEfSe,0.511938872970392,Recall
225,sw_sed_detender,LEfSe,0.953752181500873,Recall
226,t1d_alkanani,LEfSe,0.349809885931559,Recall
227,t1d_mejialeon,LEfSe,0.660550458715596,Recall
228,wood_plastic_kesy,LEfSe,0.783783783783784,Recall
229,ArcticFireSoils,MaAsLin2,0.996124031007752,Recall
230,ArcticFreshwaters,MaAsLin2,1,Recall
231,ArcticTransects,MaAsLin2,1,Recall
232,art_scher,MaAsLin2,0.222222222222222,Recall
234,BISCUIT,MaAsLin2,0,Recall
235,Blueberry,MaAsLin2,0.397727272727273,Recall
236,cdi_schubert,MaAsLin2,0.967741935483871,Recall
237,cdi_vincent,MaAsLin2,0,Recall
238,Chemerin,MaAsLin2,1,Recall
240,crc_zeller,MaAsLin2,0.285714285714286,Recall
241,edd_singh,MaAsLin2,1,Recall
242,Exercise,MaAsLin2,0,Recall
243,glass_plastic_oberbeckmann,MaAsLin2,0.320512820512821,Recall
244,GWMC_ASIA_NA,MaAsLin2,1,Recall
245,GWMC_HOT_COLD,MaAsLin2,1,Recall
246,hiv_dinh,MaAsLin2,0,Recall
247,hiv_lozupone,MaAsLin2,0.0218978102189781,Recall
248,hiv_noguerajulian,MaAsLin2,0.666666666666667,Recall
249,ibd_gevers,MaAsLin2,0.806451612903226,Recall
250,ibd_papa,MaAsLin2,0.0148148148148148,Recall
251,Ji_WTP_DS,MaAsLin2,1,Recall
252,MALL,MaAsLin2,0.0454545454545455,Recall
254,ob_ross,MaAsLin2,0,Recall
255,ob_turnbaugh,MaAsLin2,0,Recall
256,ob_zhu,MaAsLin2,0.681081081081081,Recall
258,par_scheperjans,MaAsLin2,0,Recall
259,sed_plastic_hoellein,MaAsLin2,0.178660049627792,Recall
260,sed_plastic_rosato,MaAsLin2,0.925373134328358,Recall
261,seston_plastic_mccormick,MaAsLin2,0.971074380165289,Recall
262,sw_plastic_frere,MaAsLin2,0.492836676217765,Recall
263,sw_sed_detender,MaAsLin2,1,Recall
264,t1d_alkanani,MaAsLin2,0,Recall
265,t1d_mejialeon,MaAsLin2,0.275229357798165,Recall
266,wood_plastic_kesy,MaAsLin2,0.878378378378378,Recall
267,ArcticFireSoils,MaAsLin2 (rare),0.996124031007752,Recall
268,ArcticFreshwaters,MaAsLin2 (rare),1,Recall
269,ArcticTransects,MaAsLin2 (rare),0.989565217391304,Recall
270,art_scher,MaAsLin2 (rare),0.0555555555555556,Recall
272,BISCUIT,MaAsLin2 (rare),0,Recall
273,Blueberry,MaAsLin2 (rare),0.318181818181818,Recall
274,cdi_schubert,MaAsLin2 (rare),0.951612903225806,Recall
275,cdi_vincent,MaAsLin2 (rare),0,Recall
276,Chemerin,MaAsLin2 (rare),0.994949494949495,Recall
278,crc_zeller,MaAsLin2 (rare),0,Recall
279,edd_singh,MaAsLin2 (rare),0.96969696969697,Recall
280,Exercise,MaAsLin2 (rare),1,Recall
281,glass_plastic_oberbeckmann,MaAsLin2 (rare),0.256410256410256,Recall
282,GWMC_ASIA_NA,MaAsLin2 (rare),1,Recall
283,GWMC_HOT_COLD,MaAsLin2 (rare),1,Recall
284,hiv_dinh,MaAsLin2 (rare),0,Recall
285,hiv_lozupone,MaAsLin2 (rare),0.0072992700729927,Recall
286,hiv_noguerajulian,MaAsLin2 (rare),0.25,Recall
287,ibd_gevers,MaAsLin2 (rare),0.397849462365591,Recall
288,ibd_papa,MaAsLin2 (rare),0.0148148148148148,Recall
289,Ji_WTP_DS,MaAsLin2 (rare),0.990909090909091,Recall
290,MALL,MaAsLin2 (rare),0,Recall
292,ob_ross,MaAsLin2 (rare),0,Recall
293,ob_turnbaugh,MaAsLin2 (rare),0,Recall
294,ob_zhu,MaAsLin2 (rare),0.151351351351351,Recall
296,par_scheperjans,MaAsLin2 (rare),0,Recall
297,sed_plastic_hoellein,MaAsLin2 (rare),0.0223325062034739,Recall
298,sed_plastic_rosato,MaAsLin2 (rare),0.660980810234542,Recall
299,seston_plastic_mccormick,MaAsLin2 (rare),0.578512396694215,Recall
300,sw_plastic_frere,MaAsLin2 (rare),0.23018147086915,Recall
301,sw_sed_detender,MaAsLin2 (rare),0.93630017452007,Recall
302,t1d_alkanani,MaAsLin2 (rare),0,Recall
303,t1d_mejialeon,MaAsLin2 (rare),0.155963302752294,Recall
304,wood_plastic_kesy,MaAsLin2 (rare),0.405405405405405,Recall
305,ArcticFireSoils,metagenomeSeq,0.75968992248062,Recall
306,ArcticFreshwaters,metagenomeSeq,1,Recall
307,ArcticTransects,metagenomeSeq,0.989565217391304,Recall
308,art_scher,metagenomeSeq,0.0555555555555556,Recall
310,BISCUIT,metagenomeSeq,0,Recall
311,Blueberry,metagenomeSeq,0.136363636363636,Recall
312,cdi_schubert,metagenomeSeq,0.306451612903226,Recall
313,cdi_vincent,metagenomeSeq,0.0526315789473684,Recall
314,Chemerin,metagenomeSeq,0.939393939393939,Recall
316,crc_zeller,metagenomeSeq,0.285714285714286,Recall
317,edd_singh,metagenomeSeq,0.515151515151515,Recall
318,Exercise,metagenomeSeq,0,Recall
319,glass_plastic_oberbeckmann,metagenomeSeq,0.256410256410256,Recall
320,GWMC_ASIA_NA,metagenomeSeq,0.993911719939117,Recall
321,GWMC_HOT_COLD,metagenomeSeq,0.991150442477876,Recall
322,hiv_dinh,metagenomeSeq,0,Recall
323,hiv_lozupone,metagenomeSeq,0,Recall
324,hiv_noguerajulian,metagenomeSeq,0,Recall
325,ibd_gevers,metagenomeSeq,0.462365591397849,Recall
326,ibd_papa,metagenomeSeq,0.0296296296296296,Recall
327,Ji_WTP_DS,metagenomeSeq,0.836363636363636,Recall
328,MALL,metagenomeSeq,0.363636363636364,Recall
330,ob_ross,metagenomeSeq,0,Recall
331,ob_turnbaugh,metagenomeSeq,0,Recall
332,ob_zhu,metagenomeSeq,0,Recall
334,par_scheperjans,metagenomeSeq,0,Recall
335,sed_plastic_hoellein,metagenomeSeq,0.0694789081885856,Recall
336,sed_plastic_rosato,metagenomeSeq,0.810234541577825,Recall
337,seston_plastic_mccormick,metagenomeSeq,0.231404958677686,Recall
338,sw_plastic_frere,metagenomeSeq,0.4603629417383,Recall
339,sw_sed_detender,metagenomeSeq,0.831588132635253,Recall
340,t1d_alkanani,metagenomeSeq,0,Recall
341,t1d_mejialeon,metagenomeSeq,0.128440366972477,Recall
342,wood_plastic_kesy,metagenomeSeq,0.581081081081081,Recall
343,ArcticFireSoils,t-test (rare),0.945736434108527,Recall
344,ArcticFreshwaters,t-test (rare),0.928571428571429,Recall
345,ArcticTransects,t-test (rare),0.958260869565217,Recall
346,art_scher,t-test (rare),0,Recall
348,BISCUIT,t-test (rare),0,Recall
349,Blueberry,t-test (rare),0,Recall
350,cdi_schubert,t-test (rare),0.758064516129032,Recall
351,cdi_vincent,t-test (rare),0,Recall
352,Chemerin,t-test (rare),0.994949494949495,Recall
354,crc_zeller,t-test (rare),0,Recall
355,edd_singh,t-test (rare),0.696969696969697,Recall
356,Exercise,t-test (rare),0,Recall
357,glass_plastic_oberbeckmann,t-test (rare),0,Recall
358,GWMC_ASIA_NA,t-test (rare),0.983257229832572,Recall
359,GWMC_HOT_COLD,t-test (rare),0.973451327433628,Recall
360,hiv_dinh,t-test (rare),0,Recall
361,hiv_lozupone,t-test (rare),0.0364963503649635,Recall
362,hiv_noguerajulian,t-test (rare),0,Recall
363,ibd_gevers,t-test (rare),0.010752688172043,Recall
364,ibd_papa,t-test (rare),0,Recall
365,Ji_WTP_DS,t-test (rare),0.881818181818182,Recall
366,MALL,t-test (rare),0,Recall
368,ob_ross,t-test (rare),0,Recall
369,ob_turnbaugh,t-test (rare),0,Recall
370,ob_zhu,t-test (rare),0,Recall
372,par_scheperjans,t-test (rare),0,Recall
373,sed_plastic_hoellein,t-test (rare),0,Recall
374,sed_plastic_rosato,t-test (rare),0.38592750533049,Recall
375,seston_plastic_mccormick,t-test (rare),0.479338842975207,Recall
376,sw_plastic_frere,t-test (rare),0.240687679083095,Recall
377,sw_sed_detender,t-test (rare),0.587260034904014,Recall
378,t1d_alkanani,t-test (rare),0,Recall
379,t1d_mejialeon,t-test (rare),0.00917431192660551,Recall
380,wood_plastic_kesy,t-test (rare),0.202702702702703,Recall
381,ArcticFireSoils,Wilcoxon (CLR),0.918604651162791,Recall
382,ArcticFreshwaters,Wilcoxon (CLR),1,Recall
383,ArcticTransects,Wilcoxon (CLR),1,Recall
384,art_scher,Wilcoxon (CLR),0,Recall
386,BISCUIT,Wilcoxon (CLR),0,Recall
387,Blueberry,Wilcoxon (CLR),0,Recall
388,cdi_schubert,Wilcoxon (CLR),0.693548387096774,Recall
389,cdi_vincent,Wilcoxon (CLR),0,Recall
390,Chemerin,Wilcoxon (CLR),1,Recall
392,crc_zeller,Wilcoxon (CLR),0.285714285714286,Recall
393,edd_singh,Wilcoxon (CLR),0.848484848484849,Recall
394,Exercise,Wilcoxon (CLR),0,Recall
395,glass_plastic_oberbeckmann,Wilcoxon (CLR),0.0256410256410256,Recall
396,GWMC_ASIA_NA,Wilcoxon (CLR),1,Recall
397,GWMC_HOT_COLD,Wilcoxon (CLR),1,Recall
398,hiv_dinh,Wilcoxon (CLR),0,Recall
399,hiv_lozupone,Wilcoxon (CLR),0,Recall
400,hiv_noguerajulian,Wilcoxon (CLR),0,Recall
401,ibd_gevers,Wilcoxon (CLR),0,Recall
402,ibd_papa,Wilcoxon (CLR),0,Recall
403,Ji_WTP_DS,Wilcoxon (CLR),0.709090909090909,Recall
404,MALL,Wilcoxon (CLR),0.0454545454545455,Recall
406,ob_ross,Wilcoxon (CLR),0,Recall
407,ob_turnbaugh,Wilcoxon (CLR),0.0476190476190476,Recall
408,ob_zhu,Wilcoxon (CLR),0.313513513513514,Recall
410,par_scheperjans,Wilcoxon (CLR),0,Recall
411,sed_plastic_hoellein,Wilcoxon (CLR),0.270471464019851,Recall
412,sed_plastic_rosato,Wilcoxon (CLR),0.808102345415778,Recall
413,seston_plastic_mccormick,Wilcoxon (CLR),0.37603305785124,Recall
414,sw_plastic_frere,Wilcoxon (CLR),0.450811843361987,Recall
415,sw_sed_detender,Wilcoxon (CLR),0.798429319371728,Recall
416,t1d_alkanani,Wilcoxon (CLR),0,Recall
417,t1d_mejialeon,Wilcoxon (CLR),0,Recall
418,wood_plastic_kesy,Wilcoxon (CLR),0.783783783783784,Recall
419,ArcticFireSoils,Wilcoxon (rare),1,Recall
420,ArcticFreshwaters,Wilcoxon (rare),1,Recall
421,ArcticTransects,Wilcoxon (rare),0.996521739130435,Recall
422,art_scher,Wilcoxon (rare),0,Recall
424,BISCUIT,Wilcoxon (rare),0,Recall
425,Blueberry,Wilcoxon (rare),0.113636363636364,Recall
426,cdi_schubert,Wilcoxon (rare),1,Recall
427,cdi_vincent,Wilcoxon (rare),0,Recall
428,Chemerin,Wilcoxon (rare),0.994949494949495,Recall
430,crc_zeller,Wilcoxon (rare),0.142857142857143,Recall
431,edd_singh,Wilcoxon (rare),1,Recall
432,Exercise,Wilcoxon (rare),0,Recall
433,glass_plastic_oberbeckmann,Wilcoxon (rare),0.192307692307692,Recall
434,GWMC_ASIA_NA,Wilcoxon (rare),1,Recall
435,GWMC_HOT_COLD,Wilcoxon (rare),1,Recall
436,hiv_dinh,Wilcoxon (rare),0,Recall
437,hiv_lozupone,Wilcoxon (rare),0,Recall
438,hiv_noguerajulian,Wilcoxon (rare),0.333333333333333,Recall
439,ibd_gevers,Wilcoxon (rare),0.419354838709677,Recall
440,ibd_papa,Wilcoxon (rare),0,Recall
441,Ji_WTP_DS,Wilcoxon (rare),1,Recall
442,MALL,Wilcoxon (rare),0,Recall
444,ob_ross,Wilcoxon (rare),0,Recall
445,ob_turnbaugh,Wilcoxon (rare),0,Recall
446,ob_zhu,Wilcoxon (rare),0.12972972972973,Recall
448,par_scheperjans,Wilcoxon (rare),0,Recall
449,sed_plastic_hoellein,Wilcoxon (rare),0,Recall
450,sed_plastic_rosato,Wilcoxon (rare),0.686567164179104,Recall
451,seston_plastic_mccormick,Wilcoxon (rare),0.65702479338843,Recall
452,sw_plastic_frere,Wilcoxon (rare),0.25214899713467,Recall
453,sw_sed_detender,Wilcoxon (rare),0.93804537521815,Recall
454,t1d_alkanani,Wilcoxon (rare),0,Recall
455,t1d_mejialeon,Wilcoxon (rare),0.146788990825688,Recall
456,wood_plastic_kesy,Wilcoxon (rare),0.351351351351351,Recall
457,ArcticFireSoils,limma voom (TMM),1,Recall
458,ArcticFreshwaters,limma voom (TMM),1,Recall
459,ArcticTransects,limma voom (TMM),1,Recall
460,art_scher,limma voom (TMM),0,Recall
462,BISCUIT,limma voom (TMM),0.25,Recall
463,Blueberry,limma voom (TMM),0.0909090909090909,Recall
464,cdi_schubert,limma voom (TMM),1,Recall
465,cdi_vincent,limma voom (TMM),0,Recall
466,Chemerin,limma voom (TMM),0.97979797979798,Recall
468,crc_zeller,limma voom (TMM),1,Recall
469,edd_singh,limma voom (TMM),0.939393939393939,Recall
470,Exercise,limma voom (TMM),0,Recall
471,glass_plastic_oberbeckmann,limma voom (TMM),0.179487179487179,Recall
472,GWMC_ASIA_NA,limma voom (TMM),1,Recall
473,GWMC_HOT_COLD,limma voom (TMM),1,Recall
474,hiv_dinh,limma voom (TMM),0,Recall
475,hiv_lozupone,limma voom (TMM),0.138686131386861,Recall
476,hiv_noguerajulian,limma voom (TMM),0,Recall
477,ibd_gevers,limma voom (TMM),0.118279569892473,Recall
478,ibd_papa,limma voom (TMM),0,Recall
479,Ji_WTP_DS,limma voom (TMM),1,Recall
480,MALL,limma voom (TMM),0.5,Recall
482,ob_ross,limma voom (TMM),0,Recall
483,ob_turnbaugh,limma voom (TMM),0.0238095238095238,Recall
484,ob_zhu,limma voom (TMM),0.0162162162162162,Recall
486,par_scheperjans,limma voom (TMM),0,Recall
487,sed_plastic_hoellein,limma voom (TMM),0.0223325062034739,Recall
488,sed_plastic_rosato,limma voom (TMM),0.682302771855011,Recall
489,seston_plastic_mccormick,limma voom (TMM),0.954545454545455,Recall
490,sw_plastic_frere,limma voom (TMM),0.814708691499522,Recall
491,sw_sed_detender,limma voom (TMM),0.706806282722513,Recall
492,t1d_alkanani,limma voom (TMM),0,Recall
493,t1d_mejialeon,limma voom (TMM),0.55045871559633,Recall
494,wood_plastic_kesy,limma voom (TMM),0.594594594594595,Recall
495,ArcticFireSoils,limma voom (TMMwsp),0.976744186046512,Recall
496,ArcticFreshwaters,limma voom (TMMwsp),1,Recall
497,ArcticTransects,limma voom (TMMwsp),1,Recall
498,art_scher,limma voom (TMMwsp),0,Recall
500,BISCUIT,limma voom (TMMwsp),0,Recall
501,Blueberry,limma voom (TMMwsp),0.522727272727273,Recall
502,cdi_schubert,limma voom (TMMwsp),0.709677419354839,Recall
503,cdi_vincent,limma voom (TMMwsp),0.315789473684211,Recall
504,Chemerin,limma voom (TMMwsp),1,Recall
506,crc_zeller,limma voom (TMMwsp),1,Recall
507,edd_singh,limma voom (TMMwsp),0.757575757575758,Recall
508,Exercise,limma voom (TMMwsp),0,Recall
509,glass_plastic_oberbeckmann,limma voom (TMMwsp),0.371794871794872,Recall
510,GWMC_ASIA_NA,limma voom (TMMwsp),1,Recall
511,GWMC_HOT_COLD,limma voom (TMMwsp),1,Recall
512,hiv_dinh,limma voom (TMMwsp),0,Recall
513,hiv_lozupone,limma voom (TMMwsp),0.0145985401459854,Recall
514,hiv_noguerajulian,limma voom (TMMwsp),0.75,Recall
515,ibd_gevers,limma voom (TMMwsp),0.043010752688172,Recall
516,ibd_papa,limma voom (TMMwsp),0.185185185185185,Recall
517,Ji_WTP_DS,limma voom (TMMwsp),0.990909090909091,Recall
518,MALL,limma voom (TMMwsp),0.409090909090909,Recall
520,ob_ross,limma voom (TMMwsp),0,Recall
521,ob_turnbaugh,limma voom (TMMwsp),0.166666666666667,Recall
522,ob_zhu,limma voom (TMMwsp),0.237837837837838,Recall
524,par_scheperjans,limma voom (TMMwsp),0,Recall
525,sed_plastic_hoellein,limma voom (TMMwsp),0.310173697270471,Recall
526,sed_plastic_rosato,limma voom (TMMwsp),0.840085287846482,Recall
527,seston_plastic_mccormick,limma voom (TMMwsp),0.40495867768595,Recall
528,sw_plastic_frere,limma voom (TMMwsp),0.649474689589303,Recall
529,sw_sed_detender,limma voom (TMMwsp),0.896160558464223,Recall
530,t1d_alkanani,limma voom (TMMwsp),0,Recall
531,t1d_mejialeon,limma voom (TMMwsp),0.100917431192661,Recall
532,wood_plastic_kesy,limma voom (TMMwsp),0.581081081081081,Recall
533,ArcticFireSoils,ALDEx2,0.48952380952381,Precision
534,ArcticFreshwaters,ALDEx2,0.0760869565217391,Precision
535,ArcticTransects,ALDEx2,0.360050093926111,Precision
540,cdi_schubert,ALDEx2,0.474137931034483,Precision
542,Chemerin,ALDEx2,0.838983050847458,Precision
545,edd_singh,ALDEx2,0.651162790697674,Precision
547,glass_plastic_oberbeckmann,ALDEx2,1,Precision
548,GWMC_ASIA_NA,ALDEx2,0.174178154825027,Precision
549,GWMC_HOT_COLD,ALDEx2,0.0558576371725161,Precision
555,Ji_WTP_DS,ALDEx2,0.824074074074074,Precision
556,MALL,ALDEx2,1,Precision
557,ob_goodrich,ALDEx2,0,Precision
560,ob_zhu,ALDEx2,1,Precision
561,Office,ALDEx2,0,Precision
563,sed_plastic_hoellein,ALDEx2,1,Precision
564,sed_plastic_rosato,ALDEx2,0.996309963099631,Precision
565,seston_plastic_mccormick,ALDEx2,0.780487804878049,Precision
566,sw_plastic_frere,ALDEx2,0.995555555555556,Precision
567,sw_sed_detender,ALDEx2,0.914354644149578,Precision
569,t1d_mejialeon,ALDEx2,1,Precision
570,wood_plastic_kesy,ALDEx2,0.972972972972973,Precision
571,ArcticFireSoils,ANCOM-II,0.903225806451613,Precision
572,ArcticFreshwaters,ANCOM-II,0.55,Precision
573,ArcticTransects,ANCOM-II,0.970509383378016,Precision
576,BISCUIT,ANCOM-II,1,Precision
577,Blueberry,ANCOM-II,1,Precision
578,cdi_schubert,ANCOM-II,0.452631578947368,Precision
579,cdi_vincent,ANCOM-II,1,Precision
580,Chemerin,ANCOM-II,1,Precision
581,crc_baxter,ANCOM-II,0,Precision
582,crc_zeller,ANCOM-II,0.113207547169811,Precision
583,edd_singh,ANCOM-II,0.933333333333333,Precision
584,Exercise,ANCOM-II,1,Precision
585,glass_plastic_oberbeckmann,ANCOM-II,1,Precision
586,GWMC_ASIA_NA,ANCOM-II,0.553677092138631,Precision
587,GWMC_HOT_COLD,ANCOM-II,0.166176470588235,Precision
589,hiv_lozupone,ANCOM-II,1,Precision
590,hiv_noguerajulian,ANCOM-II,0.305555555555556,Precision
591,ibd_gevers,ANCOM-II,0.88,Precision
593,Ji_WTP_DS,ANCOM-II,1,Precision
594,MALL,ANCOM-II,1,Precision
595,ob_goodrich,ANCOM-II,0,Precision
597,ob_turnbaugh,ANCOM-II,1,Precision
598,ob_zhu,ANCOM-II,1,Precision
599,Office,ANCOM-II,0,Precision
601,sed_plastic_hoellein,ANCOM-II,1,Precision
602,sed_plastic_rosato,ANCOM-II,1,Precision
603,seston_plastic_mccormick,ANCOM-II,0.773584905660377,Precision
604,sw_plastic_frere,ANCOM-II,0.912037037037037,Precision
605,sw_sed_detender,ANCOM-II,0.995798319327731,Precision
607,t1d_mejialeon,ANCOM-II,1,Precision
608,wood_plastic_kesy,ANCOM-II,1,Precision
609,ArcticFireSoils,corncob,0.200990099009901,Precision
610,ArcticFreshwaters,corncob,0.074468085106383,Precision
611,ArcticTransects,corncob,0.27545551982851,Precision
612,art_scher,corncob,0.25,Precision
613,asd_son,corncob,0,Precision
615,Blueberry,corncob,1,Precision
616,cdi_schubert,corncob,0.161572052401747,Precision
617,cdi_vincent,corncob,0.214285714285714,Precision
618,Chemerin,corncob,0.520408163265306,Precision
619,crc_baxter,corncob,0,Precision
620,crc_zeller,corncob,0.0101214574898785,Precision
621,edd_singh,corncob,0.345238095238095,Precision
623,glass_plastic_oberbeckmann,corncob,1,Precision
624,GWMC_ASIA_NA,corncob,0.122322435174746,Precision
625,GWMC_HOT_COLD,corncob,0.0259199259430687,Precision
626,hiv_dinh,corncob,0.25,Precision
627,hiv_lozupone,corncob,0.368421052631579,Precision
628,hiv_noguerajulian,corncob,0.029126213592233,Precision
629,ibd_gevers,corncob,0.409090909090909,Precision
630,ibd_papa,corncob,1,Precision
631,Ji_WTP_DS,corncob,0.75,Precision
632,MALL,corncob,0.310344827586207,Precision
633,ob_goodrich,corncob,0,Precision
635,ob_turnbaugh,corncob,0.2,Precision
636,ob_zhu,corncob,0.614035087719298,Precision
637,Office,corncob,0,Precision
638,par_scheperjans,corncob,0,Precision
639,sed_plastic_hoellein,corncob,0.509259259259259,Precision
640,sed_plastic_rosato,corncob,0.783289817232376,Precision
641,seston_plastic_mccormick,corncob,0.395543175487465,Precision
642,sw_plastic_frere,corncob,0.648745519713262,Precision
643,sw_sed_detender,corncob,0.612958226768968,Precision
644,t1d_alkanani,corncob,0.981481481481482,Precision
645,t1d_mejialeon,corncob,0.823529411764706,Precision
646,wood_plastic_kesy,corncob,0.711864406779661,Precision
647,ArcticFireSoils,DESeq2,0.190251572327044,Precision
648,ArcticFreshwaters,DESeq2,0.0748663101604278,Precision
649,ArcticTransects,DESeq2,0.238157322903086,Precision
650,art_scher,DESeq2,0.0909090909090909,Precision
652,BISCUIT,DESeq2,0.166666666666667,Precision
653,Blueberry,DESeq2,0.875,Precision
654,cdi_schubert,DESeq2,0.253112033195021,Precision
655,cdi_vincent,DESeq2,0.4,Precision
656,Chemerin,DESeq2,0.568862275449102,Precision
657,crc_baxter,DESeq2,0,Precision
658,crc_zeller,DESeq2,0.0315315315315315,Precision
659,edd_singh,DESeq2,0.433333333333333,Precision
661,glass_plastic_oberbeckmann,DESeq2,0.75,Precision
662,GWMC_ASIA_NA,DESeq2,0.140467510186575,Precision
663,GWMC_HOT_COLD,DESeq2,0.0305760305760306,Precision
665,hiv_lozupone,DESeq2,0.826086956521739,Precision
666,hiv_noguerajulian,DESeq2,0,Precision
667,ibd_gevers,DESeq2,0.666666666666667,Precision
669,Ji_WTP_DS,DESeq2,0.647058823529412,Precision
670,MALL,DESeq2,0.428571428571429,Precision
671,ob_goodrich,DESeq2,0,Precision
673,ob_turnbaugh,DESeq2,0.375,Precision
674,ob_zhu,DESeq2,0.774193548387097,Precision
675,Office,DESeq2,0,Precision
677,sed_plastic_hoellein,DESeq2,0.808823529411765,Precision
678,sed_plastic_rosato,DESeq2,0.775193798449612,Precision
679,seston_plastic_mccormick,DESeq2,0.438034188034188,Precision
680,sw_plastic_frere,DESeq2,0.511003757380569,Precision
681,sw_sed_detender,DESeq2,0.774699907663897,Precision
683,t1d_mejialeon,DESeq2,0.941176470588235,Precision
684,wood_plastic_kesy,DESeq2,0.816326530612245,Precision
685,ArcticFireSoils,edgeR,0.108620689655172,Precision
686,ArcticFreshwaters,edgeR,0.0578512396694215,Precision
687,ArcticTransects,edgeR,0.172959805115713,Precision
688,art_scher,edgeR,0.0408163265306122,Precision
689,asd_son,edgeR,0,Precision
690,BISCUIT,edgeR,0.0425531914893617,Precision
691,Blueberry,edgeR,0.155388471177945,Precision
692,cdi_schubert,edgeR,0.193430656934307,Precision
693,cdi_vincent,edgeR,0.0875,Precision
694,Chemerin,edgeR,0.514285714285714,Precision
695,crc_baxter,edgeR,0,Precision
696,crc_zeller,edgeR,0.0047074646940148,Precision
697,edd_singh,edgeR,0.213793103448276,Precision
698,Exercise,edgeR,0,Precision
699,glass_plastic_oberbeckmann,edgeR,0.466019417475728,Precision
700,GWMC_ASIA_NA,edgeR,0.11790156841536,Precision
701,GWMC_HOT_COLD,edgeR,0.0232848232848233,Precision
702,hiv_dinh,edgeR,0.181818181818182,Precision
703,hiv_lozupone,edgeR,0.3,Precision
704,hiv_noguerajulian,edgeR,0.0225806451612903,Precision
705,ibd_gevers,edgeR,0.301775147928994,Precision
706,ibd_papa,edgeR,0.745098039215686,Precision
707,Ji_WTP_DS,edgeR,0.502415458937198,Precision
708,MALL,edgeR,0.115853658536585,Precision
709,ob_goodrich,edgeR,0,Precision
710,ob_ross,edgeR,0.027027027027027,Precision
711,ob_turnbaugh,edgeR,0.2,Precision
712,ob_zhu,edgeR,0.443478260869565,Precision
713,Office,edgeR,0,Precision
714,par_scheperjans,edgeR,0.0555555555555556,Precision
715,sed_plastic_hoellein,edgeR,0.432646592709984,Precision
716,sed_plastic_rosato,edgeR,0.619195046439629,Precision
717,seston_plastic_mccormick,edgeR,0.195059625212947,Precision
718,sw_plastic_frere,edgeR,0.347505858721125,Precision
719,sw_sed_detender,edgeR,0.611592632719393,Precision
721,t1d_mejialeon,edgeR,0.684210526315789,Precision
722,wood_plastic_kesy,edgeR,0.295964125560538,Precision
723,ArcticFireSoils,LEfSe,0.130434782608696,Precision
724,ArcticFreshwaters,LEfSe,0.0585774058577406,Precision
725,ArcticTransects,LEfSe,0.2296,Precision
726,art_scher,LEfSe,0.25,Precision
727,asd_son,LEfSe,0,Precision
728,BISCUIT,LEfSe,0.210526315789474,Precision
729,Blueberry,LEfSe,0.159132007233273,Precision
730,cdi_schubert,LEfSe,0.159383033419023,Precision
731,cdi_vincent,LEfSe,0.352941176470588,Precision
732,Chemerin,LEfSe,0.539509536784741,Precision
733,crc_baxter,LEfSe,0,Precision
734,crc_zeller,LEfSe,0.00685602350636631,Precision
735,edd_singh,LEfSe,0.246268656716418,Precision
736,Exercise,LEfSe,0.0222222222222222,Precision
737,glass_plastic_oberbeckmann,LEfSe,0.639175257731959,Precision
738,GWMC_ASIA_NA,LEfSe,0.118527872992964,Precision
739,GWMC_HOT_COLD,LEfSe,0.0248898678414097,Precision
740,hiv_dinh,LEfSe,0.575757575757576,Precision
741,hiv_lozupone,LEfSe,0.772727272727273,Precision
742,hiv_noguerajulian,LEfSe,0.041958041958042,Precision
743,ibd_gevers,LEfSe,0.225913621262458,Precision
744,ibd_papa,LEfSe,0.930555555555556,Precision
745,Ji_WTP_DS,LEfSe,0.575916230366492,Precision
746,MALL,LEfSe,0.366666666666667,Precision
747,ob_goodrich,LEfSe,0,Precision
748,ob_ross,LEfSe,0.111111111111111,Precision
749,ob_turnbaugh,LEfSe,0.235632183908046,Precision
750,ob_zhu,LEfSe,0.515384615384615,Precision
751,Office,LEfSe,0,Precision
752,par_scheperjans,LEfSe,0.272727272727273,Precision
753,sed_plastic_hoellein,LEfSe,0.620111731843575,Precision
754,sed_plastic_rosato,LEfSe,0.858350951374207,Precision
755,seston_plastic_mccormick,LEfSe,0.350308641975309,Precision
756,sw_plastic_frere,LEfSe,0.905405405405405,Precision
757,sw_sed_detender,LEfSe,0.749657064471879,Precision
758,t1d_alkanani,LEfSe,0.958333333333333,Precision
759,t1d_mejialeon,LEfSe,0.947368421052632,Precision
760,wood_plastic_kesy,LEfSe,0.456692913385827,Precision
761,ArcticFireSoils,MaAsLin2,0.150821596244131,Precision
762,ArcticFreshwaters,MaAsLin2,0.0614035087719298,Precision
763,ArcticTransects,MaAsLin2,0.197866483138334,Precision
764,art_scher,MaAsLin2,1,Precision
767,Blueberry,MaAsLin2,0.729166666666667,Precision
768,cdi_schubert,MaAsLin2,0.132743362831858,Precision
770,Chemerin,MaAsLin2,0.533692722371968,Precision
771,crc_baxter,MaAsLin2,0,Precision
772,crc_zeller,MaAsLin2,0.666666666666667,Precision
773,edd_singh,MaAsLin2,0.294642857142857,Precision
775,glass_plastic_oberbeckmann,MaAsLin2,1,Precision
776,GWMC_ASIA_NA,MaAsLin2,0.120683321087436,Precision
777,GWMC_HOT_COLD,MaAsLin2,0.0257637938896489,Precision
779,hiv_lozupone,MaAsLin2,1,Precision
780,hiv_noguerajulian,MaAsLin2,0.137931034482759,Precision
781,ibd_gevers,MaAsLin2,0.426136363636364,Precision
782,ibd_papa,MaAsLin2,1,Precision
783,Ji_WTP_DS,MaAsLin2,0.607734806629834,Precision
784,MALL,MaAsLin2,1,Precision
785,ob_goodrich,MaAsLin2,0,Precision
788,ob_zhu,MaAsLin2,0.7875,Precision
789,Office,MaAsLin2,0,Precision
791,sed_plastic_hoellein,MaAsLin2,1,Precision
792,sed_plastic_rosato,MaAsLin2,0.887525562372188,Precision
793,seston_plastic_mccormick,MaAsLin2,0.388429752066116,Precision
794,sw_plastic_frere,MaAsLin2,0.968105065666041,Precision
795,sw_sed_detender,MaAsLin2,0.664733178654292,Precision
797,t1d_mejialeon,MaAsLin2,1,Precision
798,wood_plastic_kesy,MaAsLin2,0.619047619047619,Precision
799,ArcticFireSoils,MaAsLin2 (rare),0.154539987973542,Precision
800,ArcticFreshwaters,MaAsLin2 (rare),0.0645161290322581,Precision
801,ArcticTransects,MaAsLin2 (rare),0.259343664539654,Precision
802,art_scher,MaAsLin2 (rare),1,Precision
805,Blueberry,MaAsLin2 (rare),0.7,Precision
806,cdi_schubert,MaAsLin2 (rare),0.175074183976261,Precision
808,Chemerin,MaAsLin2 (rare),0.589820359281437,Precision
809,crc_baxter,MaAsLin2 (rare),0,Precision
811,edd_singh,MaAsLin2 (rare),0.307692307692308,Precision
812,Exercise,MaAsLin2 (rare),1,Precision
813,glass_plastic_oberbeckmann,MaAsLin2 (rare),0.952380952380952,Precision
814,GWMC_ASIA_NA,MaAsLin2 (rare),0.12202823179792,Precision
815,GWMC_HOT_COLD,MaAsLin2 (rare),0.026463700234192,Precision
817,hiv_lozupone,MaAsLin2 (rare),1,Precision
818,hiv_noguerajulian,MaAsLin2 (rare),0.5,Precision
819,ibd_gevers,MaAsLin2 (rare),0.411111111111111,Precision
820,ibd_papa,MaAsLin2 (rare),1,Precision
821,Ji_WTP_DS,MaAsLin2 (rare),0.619318181818182,Precision
823,ob_goodrich,MaAsLin2 (rare),0,Precision
826,ob_zhu,MaAsLin2 (rare),1,Precision
827,Office,MaAsLin2 (rare),0,Precision
829,sed_plastic_hoellein,MaAsLin2 (rare),1,Precision
830,sed_plastic_rosato,MaAsLin2 (rare),0.933734939759036,Precision
831,seston_plastic_mccormick,MaAsLin2 (rare),0.875,Precision
832,sw_plastic_frere,MaAsLin2 (rare),0.964,Precision
833,sw_sed_detender,MaAsLin2 (rare),0.756166314305849,Precision
835,t1d_mejialeon,MaAsLin2 (rare),0.944444444444444,Precision
836,wood_plastic_kesy,MaAsLin2 (rare),0.909090909090909,Precision
837,ArcticFireSoils,metagenomeSeq,0.188642925890279,Precision
838,ArcticFreshwaters,metagenomeSeq,0.0828402366863905,Precision
839,ArcticTransects,metagenomeSeq,0.206833878589604,Precision
840,art_scher,metagenomeSeq,1,Precision
843,Blueberry,metagenomeSeq,0.545454545454545,Precision
844,cdi_schubert,metagenomeSeq,0.112426035502959,Precision
845,cdi_vincent,metagenomeSeq,0.5,Precision
846,Chemerin,metagenomeSeq,0.52247191011236,Precision
847,crc_baxter,metagenomeSeq,0,Precision
848,crc_zeller,metagenomeSeq,0.2,Precision
849,edd_singh,metagenomeSeq,0.485714285714286,Precision
851,glass_plastic_oberbeckmann,metagenomeSeq,0.952380952380952,Precision
852,GWMC_ASIA_NA,metagenomeSeq,0.121714818266542,Precision
853,GWMC_HOT_COLD,metagenomeSeq,0.0267430754536772,Precision
857,ibd_gevers,metagenomeSeq,0.754385964912281,Precision
858,ibd_papa,metagenomeSeq,1,Precision
859,Ji_WTP_DS,metagenomeSeq,0.609271523178808,Precision
860,MALL,metagenomeSeq,0.727272727272727,Precision
861,ob_goodrich,metagenomeSeq,0,Precision
865,Office,metagenomeSeq,0,Precision
867,sed_plastic_hoellein,metagenomeSeq,0.608695652173913,Precision
868,sed_plastic_rosato,metagenomeSeq,0.640809443507589,Precision
869,seston_plastic_mccormick,metagenomeSeq,0.150134048257373,Precision
870,sw_plastic_frere,metagenomeSeq,0.765079365079365,Precision
871,sw_sed_detender,metagenomeSeq,0.660887656033287,Precision
873,t1d_mejialeon,metagenomeSeq,1,Precision
874,wood_plastic_kesy,metagenomeSeq,0.843137254901961,Precision
875,ArcticFireSoils,t-test (rare),0.15413771320278,Precision
876,ArcticFreshwaters,t-test (rare),0.0787878787878788,Precision
877,ArcticTransects,t-test (rare),0.274402390438247,Precision
882,cdi_schubert,t-test (rare),0.15112540192926,Precision
884,Chemerin,t-test (rare),0.53972602739726,Precision
887,edd_singh,t-test (rare),0.741935483870968,Precision
890,GWMC_ASIA_NA,t-test (rare),0.128022195798652,Precision
891,GWMC_HOT_COLD,t-test (rare),0.0279898218829517,Precision
893,hiv_lozupone,t-test (rare),1,Precision
894,hiv_noguerajulian,t-test (rare),0,Precision
895,ibd_gevers,t-test (rare),0.00224215246636771,Precision
897,Ji_WTP_DS,t-test (rare),0.776,Precision
899,ob_goodrich,t-test (rare),0,Precision
903,Office,t-test (rare),0,Precision
906,sed_plastic_rosato,t-test (rare),0.918781725888325,Precision
907,seston_plastic_mccormick,t-test (rare),0.846715328467153,Precision
908,sw_plastic_frere,t-test (rare),0.943820224719101,Precision
909,sw_sed_detender,t-test (rare),0.876302083333333,Precision
911,t1d_mejialeon,t-test (rare),1,Precision
912,wood_plastic_kesy,t-test (rare),1,Precision
913,ArcticFireSoils,Wilcoxon (CLR),0.112803426939553,Precision
914,ArcticFreshwaters,Wilcoxon (CLR),0.0549019607843137,Precision
915,ArcticTransects,Wilcoxon (CLR),0.207057976233345,Precision
920,cdi_schubert,Wilcoxon (CLR),0.0781818181818182,Precision
922,Chemerin,Wilcoxon (CLR),0.573913043478261,Precision
923,crc_baxter,Wilcoxon (CLR),0,Precision
924,crc_zeller,Wilcoxon (CLR),1,Precision
925,edd_singh,Wilcoxon (CLR),0.187919463087248,Precision
927,glass_plastic_oberbeckmann,Wilcoxon (CLR),1,Precision
928,GWMC_ASIA_NA,Wilcoxon (CLR),0.108559153998678,Precision
929,GWMC_HOT_COLD,Wilcoxon (CLR),0.0274205289978161,Precision
935,Ji_WTP_DS,Wilcoxon (CLR),0.469879518072289,Precision
936,MALL,Wilcoxon (CLR),1,Precision
937,ob_goodrich,Wilcoxon (CLR),0,Precision
939,ob_turnbaugh,Wilcoxon (CLR),0.125,Precision
940,ob_zhu,Wilcoxon (CLR),0.223938223938224,Precision
941,Office,Wilcoxon (CLR),0,Precision
943,sed_plastic_hoellein,Wilcoxon (CLR),0.220647773279352,Precision
944,sed_plastic_rosato,Wilcoxon (CLR),0.601587301587302,Precision
945,seston_plastic_mccormick,Wilcoxon (CLR),0.0735056542810986,Precision
946,sw_plastic_frere,Wilcoxon (CLR),0.154349247874428,Precision
947,sw_sed_detender,Wilcoxon (CLR),0.612040133779264,Precision
950,wood_plastic_kesy,Wilcoxon (CLR),0.204225352112676,Precision
951,ArcticFireSoils,Wilcoxon (rare),0.146175637393768,Precision
952,ArcticFreshwaters,Wilcoxon (rare),0.0616740088105727,Precision
953,ArcticTransects,Wilcoxon (rare),0.258108108108108,Precision
957,Blueberry,Wilcoxon (rare),0.666666666666667,Precision
958,cdi_schubert,Wilcoxon (rare),0.169398907103825,Precision
960,Chemerin,Wilcoxon (rare),0.562857142857143,Precision
961,crc_baxter,Wilcoxon (rare),0,Precision
962,crc_zeller,Wilcoxon (rare),0.333333333333333,Precision
963,edd_singh,Wilcoxon (rare),0.270491803278689,Precision
965,glass_plastic_oberbeckmann,Wilcoxon (rare),1,Precision
966,GWMC_ASIA_NA,Wilcoxon (rare),0.120550458715596,Precision
967,GWMC_HOT_COLD,Wilcoxon (rare),0.0264823060698383,Precision
970,hiv_noguerajulian,Wilcoxon (rare),0.444444444444444,Precision
971,ibd_gevers,Wilcoxon (rare),0.506493506493506,Precision
973,Ji_WTP_DS,Wilcoxon (rare),0.607734806629834,Precision
975,ob_goodrich,Wilcoxon (rare),0,Precision
978,ob_zhu,Wilcoxon (rare),1,Precision
979,Office,Wilcoxon (rare),0,Precision
982,sed_plastic_rosato,Wilcoxon (rare),0.936046511627907,Precision
983,seston_plastic_mccormick,Wilcoxon (rare),0.807106598984772,Precision
984,sw_plastic_frere,Wilcoxon (rare),0.970588235294118,Precision
985,sw_sed_detender,Wilcoxon (rare),0.767309064953605,Precision
987,t1d_mejialeon,Wilcoxon (rare),1,Precision
988,wood_plastic_kesy,Wilcoxon (rare),0.896551724137931,Precision
989,ArcticFireSoils,limma voom (TMM),0.130171543895056,Precision
990,ArcticFreshwaters,limma voom (TMM),0.0569105691056911,Precision
991,ArcticTransects,limma voom (TMM),0.180307306365632,Precision
992,art_scher,limma voom (TMM),0,Precision
994,BISCUIT,limma voom (TMM),1,Precision
995,Blueberry,limma voom (TMM),0.470588235294118,Precision
996,cdi_schubert,limma voom (TMM),0.314720812182741,Precision
998,Chemerin,limma voom (TMM),0.646666666666667,Precision
999,crc_baxter,limma voom (TMM),0,Precision
1000,crc_zeller,limma voom (TMM),0.00470430107526882,Precision
1001,edd_singh,limma voom (TMM),0.35632183908046,Precision
1003,glass_plastic_oberbeckmann,limma voom (TMM),1,Precision
1004,GWMC_ASIA_NA,limma voom (TMM),0.113746537396122,Precision
1005,GWMC_HOT_COLD,limma voom (TMM),0.0239254710988778,Precision
1007,hiv_lozupone,limma voom (TMM),1,Precision
1008,hiv_noguerajulian,limma voom (TMM),0,Precision
1009,ibd_gevers,limma voom (TMM),0.379310344827586,Precision
1011,Ji_WTP_DS,limma voom (TMM),0.582010582010582,Precision
1012,MALL,limma voom (TMM),0.102803738317757,Precision
1013,ob_goodrich,limma voom (TMM),0,Precision
1015,ob_turnbaugh,limma voom (TMM),0.2,Precision
1016,ob_zhu,limma voom (TMM),1,Precision
1017,Office,limma voom (TMM),0,Precision
1019,sed_plastic_hoellein,limma voom (TMM),1,Precision
1020,sed_plastic_rosato,limma voom (TMM),0.401002506265664,Precision
1021,seston_plastic_mccormick,limma voom (TMM),0.375,Precision
1022,sw_plastic_frere,limma voom (TMM),0.902645502645503,Precision
1023,sw_sed_detender,limma voom (TMM),0.556701030927835,Precision
1025,t1d_mejialeon,limma voom (TMM),0.705882352941177,Precision
1026,wood_plastic_kesy,limma voom (TMM),0.721311475409836,Precision
1027,ArcticFireSoils,limma voom (TMMwsp),0.175365344467641,Precision
1028,ArcticFreshwaters,limma voom (TMMwsp),0.0562248995983936,Precision
1029,ArcticTransects,limma voom (TMMwsp),0.180533751962323,Precision
1032,BISCUIT,limma voom (TMMwsp),0,Precision
1033,Blueberry,limma voom (TMMwsp),0.365079365079365,Precision
1034,cdi_schubert,limma voom (TMMwsp),0.0771929824561404,Precision
1035,cdi_vincent,limma voom (TMMwsp),0.0810810810810811,Precision
1036,Chemerin,limma voom (TMMwsp),0.457274826789838,Precision
1037,crc_baxter,limma voom (TMMwsp),0,Precision
1038,crc_zeller,limma voom (TMMwsp),0.027027027027027,Precision
1039,edd_singh,limma voom (TMMwsp),0.352112676056338,Precision
1041,glass_plastic_oberbeckmann,limma voom (TMMwsp),0.163841807909605,Precision
1042,GWMC_ASIA_NA,limma voom (TMMwsp),0.119324373410825,Precision
1043,GWMC_HOT_COLD,limma voom (TMMwsp),0.0218949815927146,Precision
1045,hiv_lozupone,limma voom (TMMwsp),1,Precision
1046,hiv_noguerajulian,limma voom (TMMwsp),0.00478978179882916,Precision
1047,ibd_gevers,limma voom (TMMwsp),0.0296296296296296,Precision
1048,ibd_papa,limma voom (TMMwsp),0.568181818181818,Precision
1049,Ji_WTP_DS,limma voom (TMMwsp),0.595628415300546,Precision
1050,MALL,limma voom (TMMwsp),0.375,Precision
1051,ob_goodrich,limma voom (TMMwsp),0,Precision
1052,ob_ross,limma voom (TMMwsp),0,Precision
1053,ob_turnbaugh,limma voom (TMMwsp),0.0291666666666667,Precision
1054,ob_zhu,limma voom (TMMwsp),0.0958605664488017,Precision
1055,Office,limma voom (TMMwsp),0,Precision
1057,sed_plastic_hoellein,limma voom (TMMwsp),0.296912114014252,Precision
1058,sed_plastic_rosato,limma voom (TMMwsp),0.657762938230384,Precision
1059,seston_plastic_mccormick,limma voom (TMMwsp),0.170434782608696,Precision
1060,sw_plastic_frere,limma voom (TMMwsp),0.925170068027211,Precision
1061,sw_sed_detender,limma voom (TMMwsp),0.629289215686274,Precision
1063,t1d_mejialeon,limma voom (TMMwsp),1,Precision
1064,wood_plastic_kesy,limma voom (TMMwsp),0.614285714285714,Precision
1065,ArcticFireSoils,ALDEx2,0.656449553001277,F1 Score
1066,ArcticFreshwaters,ALDEx2,0.141414141414141,F1 Score
1067,ArcticTransects,ALDEx2,0.529465930018416,F1 Score
1072,cdi_schubert,ALDEx2,0.617977528089888,F1 Score
1074,Chemerin,ALDEx2,0.912442396313364,F1 Score
1077,edd_singh,ALDEx2,0.736842105263158,F1 Score
1079,glass_plastic_oberbeckmann,ALDEx2,0.120481927710843,F1 Score
1080,GWMC_ASIA_NA,ALDEx2,0.296680966358094,F1 Score
1081,GWMC_HOT_COLD,ALDEx2,0.105805243445693,F1 Score
1087,Ji_WTP_DS,ALDEx2,0.81651376146789,F1 Score
1088,MALL,ALDEx2,0.0869565217391304,F1 Score
1092,ob_zhu,ALDEx2,0.0526315789473684,F1 Score
1095,sed_plastic_hoellein,ALDEx2,0.0196560196560197,F1 Score
1096,sed_plastic_rosato,ALDEx2,0.72972972972973,F1 Score
1097,seston_plastic_mccormick,ALDEx2,0.395061728395062,F1 Score
1098,sw_plastic_frere,ALDEx2,0.598530394121576,F1 Score
1099,sw_sed_detender,ALDEx2,0.767594936708861,F1 Score
1101,t1d_mejialeon,ALDEx2,0.0181818181818182,F1 Score
1102,wood_plastic_kesy,ALDEx2,0.648648648648649,F1 Score
1103,ArcticFireSoils,ANCOM-II,0.756756756756757,F1 Score
1104,ArcticFreshwaters,ANCOM-II,0.647058823529412,F1 Score
1105,ArcticTransects,ANCOM-II,0.763713080168776,F1 Score
1108,BISCUIT,ANCOM-II,0.4,F1 Score
1109,Blueberry,ANCOM-II,0.29126213592233,F1 Score
1110,cdi_schubert,ANCOM-II,0.547770700636943,F1 Score
1111,cdi_vincent,ANCOM-II,0.1,F1 Score
1112,Chemerin,ANCOM-II,0.824925816023739,F1 Score
1114,crc_zeller,ANCOM-II,0.2,F1 Score
1115,edd_singh,ANCOM-II,0.583333333333333,F1 Score
1116,Exercise,ANCOM-II,1,F1 Score
1117,glass_plastic_oberbeckmann,ANCOM-II,0.0975609756097561,F1 Score
1118,GWMC_ASIA_NA,ANCOM-II,0.71195652173913,F1 Score
1119,GWMC_HOT_COLD,ANCOM-II,0.28499369482976,F1 Score
1121,hiv_lozupone,ANCOM-II,0.0144927536231884,F1 Score
1122,hiv_noguerajulian,ANCOM-II,0.458333333333333,F1 Score
1123,ibd_gevers,ANCOM-II,0.372881355932203,F1 Score
1125,Ji_WTP_DS,ANCOM-II,0.394160583941606,F1 Score
1126,MALL,ANCOM-II,0.0869565217391304,F1 Score
1129,ob_turnbaugh,ANCOM-II,0.25,F1 Score
1130,ob_zhu,ANCOM-II,0.177339901477833,F1 Score
1133,sed_plastic_hoellein,ANCOM-II,0.0625,F1 Score
1134,sed_plastic_rosato,ANCOM-II,0.213333333333333,F1 Score
1135,seston_plastic_mccormick,ANCOM-II,0.277966101694915,F1 Score
1136,sw_plastic_frere,ANCOM-II,0.532792427315754,F1 Score
1137,sw_sed_detender,ANCOM-II,0.342485549132948,F1 Score
1139,t1d_mejialeon,ANCOM-II,0.0181818181818182,F1 Score
1140,wood_plastic_kesy,ANCOM-II,0.195121951219512,F1 Score
1141,ArcticFireSoils,corncob,0.32018927444795,F1 Score
1142,ArcticFreshwaters,corncob,0.138613861386139,F1 Score
1143,ArcticTransects,corncob,0.421138877509218,F1 Score
1144,art_scher,corncob,0.153846153846154,F1 Score
1147,Blueberry,corncob,0.127659574468085,F1 Score
1148,cdi_schubert,corncob,0.254295532646048,F1 Score
1149,cdi_vincent,corncob,0.181818181818182,F1 Score
1150,Chemerin,corncob,0.344594594594595,F1 Score
1152,crc_zeller,corncob,0.0199600798403194,F1 Score
1153,edd_singh,corncob,0.495726495726496,F1 Score
1155,glass_plastic_oberbeckmann,corncob,0.186046511627907,F1 Score
1156,GWMC_ASIA_NA,corncob,0.217762167586553,F1 Score
1157,GWMC_HOT_COLD,corncob,0.0505187189896256,F1 Score
1158,hiv_dinh,corncob,0.0487804878048781,F1 Score
1159,hiv_lozupone,corncob,0.0897435897435897,F1 Score
1160,hiv_noguerajulian,corncob,0.0521739130434783,F1 Score
1161,ibd_gevers,corncob,0.510121457489879,F1 Score
1162,ibd_papa,corncob,0.0714285714285714,F1 Score
1163,Ji_WTP_DS,corncob,0.4,F1 Score
1164,MALL,corncob,0.352941176470588,F1 Score
1167,ob_turnbaugh,corncob,0.0769230769230769,F1 Score
1168,ob_zhu,corncob,0.468227424749164,F1 Score
1171,sed_plastic_hoellein,corncob,0.215264187866928,F1 Score
1172,sed_plastic_rosato,corncob,0.704225352112676,F1 Score
1173,seston_plastic_mccormick,corncob,0.472545757071548,F1 Score
1174,sw_plastic_frere,corncob,0.451090342679128,F1 Score
1175,sw_sed_detender,corncob,0.620094868477792,F1 Score
1176,t1d_alkanani,corncob,0.334384858044164,F1 Score
1177,t1d_mejialeon,corncob,0.525,F1 Score
1178,wood_plastic_kesy,corncob,0.631578947368421,F1 Score
1179,ArcticFireSoils,DESeq2,0.316339869281046,F1 Score
1180,ArcticFreshwaters,DESeq2,0.139303482587065,F1 Score
1181,ArcticTransects,DESeq2,0.381084840055633,F1 Score
1182,art_scher,DESeq2,0.0689655172413793,F1 Score
1184,BISCUIT,DESeq2,0.2,F1 Score
1185,Blueberry,DESeq2,0.145833333333333,F1 Score
1186,cdi_schubert,DESeq2,0.402640264026403,F1 Score
1187,cdi_vincent,DESeq2,0.454545454545455,F1 Score
1188,Chemerin,DESeq2,0.714285714285714,F1 Score
1190,crc_zeller,DESeq2,0.0611353711790393,F1 Score
1191,edd_singh,DESeq2,0.559139784946237,F1 Score
1193,glass_plastic_oberbeckmann,DESeq2,0.13953488372093,F1 Score
1194,GWMC_ASIA_NA,DESeq2,0.246240601503759,F1 Score
1195,GWMC_HOT_COLD,DESeq2,0.0593220338983051,F1 Score
1197,hiv_lozupone,DESeq2,0.2375,F1 Score
1199,ibd_gevers,DESeq2,0.0416666666666667,F1 Score
1201,Ji_WTP_DS,DESeq2,0.752851711026616,F1 Score
1202,MALL,DESeq2,0.48,F1 Score
1205,ob_turnbaugh,DESeq2,0.12,F1 Score
1206,ob_zhu,DESeq2,0.388663967611336,F1 Score
1209,sed_plastic_hoellein,DESeq2,0.233545647558386,F1 Score
1210,sed_plastic_rosato,DESeq2,0.700934579439252,F1 Score
1211,seston_plastic_mccormick,DESeq2,0.577464788732394,F1 Score
1212,sw_plastic_frere,DESeq2,0.654295532646048,F1 Score
1213,sw_sed_detender,DESeq2,0.752803947958726,F1 Score
1215,t1d_mejialeon,DESeq2,0.253968253968254,F1 Score
1216,wood_plastic_kesy,DESeq2,0.650406504065041,F1 Score
1217,ArcticFireSoils,edgeR,0.195500387897595,F1 Score
1218,ArcticFreshwaters,edgeR,0.109375,F1 Score
1219,ArcticTransects,edgeR,0.294376781549624,F1 Score
1220,art_scher,edgeR,0.0597014925373134,F1 Score
1222,BISCUIT,edgeR,0.0784313725490196,F1 Score
1223,Blueberry,edgeR,0.254620123203285,F1 Score
1224,cdi_schubert,edgeR,0.315476190476191,F1 Score
1225,cdi_vincent,edgeR,0.141414141414141,F1 Score
1226,Chemerin,edgeR,0.679245283018868,F1 Score
1228,crc_zeller,edgeR,0.00937081659973226,F1 Score
1229,edd_singh,edgeR,0.348314606741573,F1 Score
1231,glass_plastic_oberbeckmann,edgeR,0.530386740331492,F1 Score
1232,GWMC_ASIA_NA,edgeR,0.210831721470019,F1 Score
1233,GWMC_HOT_COLD,edgeR,0.0455007109486086,F1 Score
1234,hiv_dinh,edgeR,0.245614035087719,F1 Score
1235,hiv_lozupone,edgeR,0.107784431137725,F1 Score
1236,hiv_noguerajulian,edgeR,0.0434782608695652,F1 Score
1237,ibd_gevers,edgeR,0.389312977099237,F1 Score
1238,ibd_papa,edgeR,0.408602150537634,F1 Score
1239,Ji_WTP_DS,edgeR,0.65615141955836,F1 Score
1240,MALL,edgeR,0.204301075268817,F1 Score
1242,ob_ross,edgeR,0.0512820512820513,F1 Score
1243,ob_turnbaugh,edgeR,0.302325581395349,F1 Score
1244,ob_zhu,edgeR,0.491566265060241,F1 Score
1246,par_scheperjans,edgeR,0.0689655172413793,F1 Score
1247,sed_plastic_hoellein,edgeR,0.528046421663443,F1 Score
1248,sed_plastic_rosato,edgeR,0.717488789237668,F1 Score
1249,seston_plastic_mccormick,edgeR,0.323446327683616,F1 Score
1250,sw_plastic_frere,edgeR,0.514625681705503,F1 Score
1251,sw_sed_detender,edgeR,0.754679144385027,F1 Score
1253,t1d_mejialeon,edgeR,0.203125,F1 Score
1254,wood_plastic_kesy,edgeR,0.444444444444445,F1 Score
1255,ArcticFireSoils,LEfSe,0.230769230769231,F1 Score
1256,ArcticFreshwaters,LEfSe,0.110671936758893,F1 Score
1257,ArcticTransects,LEfSe,0.373333333333333,F1 Score
1258,art_scher,LEfSe,0.371428571428571,F1 Score
1260,BISCUIT,LEfSe,0.347826086956522,F1 Score
1261,Blueberry,LEfSe,0.274570982839314,F1 Score
1262,cdi_schubert,LEfSe,0.274944567627494,F1 Score
1263,cdi_vincent,LEfSe,0.514285714285714,F1 Score
1264,Chemerin,LEfSe,0.700884955752212,F1 Score
1266,crc_zeller,LEfSe,0.0136186770428016,F1 Score
1267,edd_singh,LEfSe,0.395209580838323,F1 Score
1268,Exercise,LEfSe,0.0434782608695652,F1 Score
1269,glass_plastic_oberbeckmann,LEfSe,0.708571428571429,F1 Score
1270,GWMC_ASIA_NA,LEfSe,0.211935483870968,F1 Score
1271,GWMC_HOT_COLD,LEfSe,0.0485708145282613,F1 Score
1272,hiv_dinh,LEfSe,0.542857142857143,F1 Score
1273,hiv_lozupone,LEfSe,0.375690607734807,F1 Score
1274,hiv_noguerajulian,LEfSe,0.0805369127516779,F1 Score
1275,ibd_gevers,LEfSe,0.345177664974619,F1 Score
1276,ibd_papa,LEfSe,0.647342995169082,F1 Score
1277,Ji_WTP_DS,LEfSe,0.730897009966777,F1 Score
1278,MALL,LEfSe,0.536585365853658,F1 Score
1280,ob_ross,LEfSe,0.2,F1 Score
1281,ob_turnbaugh,LEfSe,0.37962962962963,F1 Score
1282,ob_zhu,LEfSe,0.602247191011236,F1 Score
1284,par_scheperjans,LEfSe,0.409090909090909,F1 Score
1285,sed_plastic_hoellein,LEfSe,0.583442838370565,F1 Score
1286,sed_plastic_rosato,LEfSe,0.861995753715499,F1 Score
1287,seston_plastic_mccormick,LEfSe,0.510112359550562,F1 Score
1288,sw_plastic_frere,LEfSe,0.654057352043929,F1 Score
1289,sw_sed_detender,LEfSe,0.839477726574501,F1 Score
1290,t1d_alkanani,LEfSe,0.512534818941504,F1 Score
1291,t1d_mejialeon,LEfSe,0.778378378378378,F1 Score
1292,wood_plastic_kesy,LEfSe,0.577114427860697,F1 Score
1293,ArcticFireSoils,MaAsLin2,0.261977573904179,F1 Score
1294,ArcticFreshwaters,MaAsLin2,0.115702479338843,F1 Score
1295,ArcticTransects,MaAsLin2,0.330364837690319,F1 Score
1296,art_scher,MaAsLin2,0.363636363636364,F1 Score
1299,Blueberry,MaAsLin2,0.514705882352941,F1 Score
1300,cdi_schubert,MaAsLin2,0.233463035019455,F1 Score
1302,Chemerin,MaAsLin2,0.695957820738137,F1 Score
1304,crc_zeller,MaAsLin2,0.4,F1 Score
1305,edd_singh,MaAsLin2,0.455172413793103,F1 Score
1307,glass_plastic_oberbeckmann,MaAsLin2,0.485436893203884,F1 Score
1308,GWMC_ASIA_NA,MaAsLin2,0.215374528765776,F1 Score
1309,GWMC_HOT_COLD,MaAsLin2,0.0502333851967104,F1 Score
1311,hiv_lozupone,MaAsLin2,0.0428571428571429,F1 Score
1312,hiv_noguerajulian,MaAsLin2,0.228571428571429,F1 Score
1313,ibd_gevers,MaAsLin2,0.557620817843866,F1 Score
1314,ibd_papa,MaAsLin2,0.0291970802919708,F1 Score
1315,Ji_WTP_DS,MaAsLin2,0.756013745704467,F1 Score
1316,MALL,MaAsLin2,0.0869565217391304,F1 Score
1320,ob_zhu,MaAsLin2,0.730434782608696,F1 Score
1323,sed_plastic_hoellein,MaAsLin2,0.303157894736842,F1 Score
1324,sed_plastic_rosato,MaAsLin2,0.906054279749478,F1 Score
1325,seston_plastic_mccormick,MaAsLin2,0.554899645808737,F1 Score
1326,sw_plastic_frere,MaAsLin2,0.653164556962025,F1 Score
1327,sw_sed_detender,MaAsLin2,0.798606271777004,F1 Score
1329,t1d_mejialeon,MaAsLin2,0.431654676258993,F1 Score
1330,wood_plastic_kesy,MaAsLin2,0.726256983240223,F1 Score
1331,ArcticFireSoils,MaAsLin2 (rare),0.267568974492452,F1 Score
1332,ArcticFreshwaters,MaAsLin2 (rare),0.121212121212121,F1 Score
1333,ArcticTransects,MaAsLin2 (rare),0.410978692668833,F1 Score
1334,art_scher,MaAsLin2 (rare),0.105263157894737,F1 Score
1337,Blueberry,MaAsLin2 (rare),0.4375,F1 Score
1338,cdi_schubert,MaAsLin2 (rare),0.295739348370927,F1 Score
1340,Chemerin,MaAsLin2 (rare),0.740601503759399,F1 Score
1343,edd_singh,MaAsLin2 (rare),0.467153284671533,F1 Score
1344,Exercise,MaAsLin2 (rare),1,F1 Score
1345,glass_plastic_oberbeckmann,MaAsLin2 (rare),0.404040404040404,F1 Score
1346,GWMC_ASIA_NA,MaAsLin2 (rare),0.217513656679358,F1 Score
1347,GWMC_HOT_COLD,MaAsLin2 (rare),0.0515628564909879,F1 Score
1349,hiv_lozupone,MaAsLin2 (rare),0.0144927536231884,F1 Score
1350,hiv_noguerajulian,MaAsLin2 (rare),0.333333333333333,F1 Score
1351,ibd_gevers,MaAsLin2 (rare),0.404371584699454,F1 Score
1352,ibd_papa,MaAsLin2 (rare),0.0291970802919708,F1 Score
1353,Ji_WTP_DS,MaAsLin2 (rare),0.762237762237762,F1 Score
1358,ob_zhu,MaAsLin2 (rare),0.262910798122066,F1 Score
1361,sed_plastic_hoellein,MaAsLin2 (rare),0.0436893203883495,F1 Score
1362,sed_plastic_rosato,MaAsLin2 (rare),0.774032459425718,F1 Score
1363,seston_plastic_mccormick,MaAsLin2 (rare),0.696517412935323,F1 Score
1364,sw_plastic_frere,MaAsLin2 (rare),0.371626831148805,F1 Score
1365,sw_sed_detender,MaAsLin2 (rare),0.836647173489279,F1 Score
1367,t1d_mejialeon,MaAsLin2 (rare),0.267716535433071,F1 Score
1368,wood_plastic_kesy,MaAsLin2 (rare),0.560747663551402,F1 Score
1369,ArcticFireSoils,metagenomeSeq,0.302235929067078,F1 Score
1370,ArcticFreshwaters,metagenomeSeq,0.153005464480874,F1 Score
1371,ArcticTransects,metagenomeSeq,0.342152736019242,F1 Score
1372,art_scher,metagenomeSeq,0.105263157894737,F1 Score
1375,Blueberry,metagenomeSeq,0.218181818181818,F1 Score
1376,cdi_schubert,metagenomeSeq,0.164502164502165,F1 Score
1377,cdi_vincent,metagenomeSeq,0.0952380952380952,F1 Score
1378,Chemerin,metagenomeSeq,0.671480144404332,F1 Score
1380,crc_zeller,metagenomeSeq,0.235294117647059,F1 Score
1381,edd_singh,metagenomeSeq,0.5,F1 Score
1383,glass_plastic_oberbeckmann,metagenomeSeq,0.404040404040404,F1 Score
1384,GWMC_ASIA_NA,metagenomeSeq,0.216871471272003,F1 Score
1385,GWMC_HOT_COLD,metagenomeSeq,0.0520809114159498,F1 Score
1389,ibd_gevers,metagenomeSeq,0.573333333333333,F1 Score
1390,ibd_papa,metagenomeSeq,0.0575539568345324,F1 Score
1391,Ji_WTP_DS,metagenomeSeq,0.704980842911877,F1 Score
1392,MALL,metagenomeSeq,0.484848484848485,F1 Score
1399,sed_plastic_hoellein,metagenomeSeq,0.124721603563474,F1 Score
1400,sed_plastic_rosato,metagenomeSeq,0.715630885122411,F1 Score
1401,seston_plastic_mccormick,metagenomeSeq,0.182113821138211,F1 Score
1402,sw_plastic_frere,metagenomeSeq,0.574836016696482,F1 Score
1403,sw_sed_detender,metagenomeSeq,0.736476043276661,F1 Score
1405,t1d_mejialeon,metagenomeSeq,0.227642276422764,F1 Score
1406,wood_plastic_kesy,metagenomeSeq,0.688,F1 Score
1407,ArcticFireSoils,t-test (rare),0.265073329712113,F1 Score
1408,ArcticFreshwaters,t-test (rare),0.145251396648045,F1 Score
1409,ArcticTransects,t-test (rare),0.426635694928378,F1 Score
1414,cdi_schubert,t-test (rare),0.25201072386059,F1 Score
1416,Chemerin,t-test (rare),0.699822380106572,F1 Score
1419,edd_singh,t-test (rare),0.71875,F1 Score
1422,GWMC_ASIA_NA,t-test (rare),0.226547431176574,F1 Score
1423,GWMC_HOT_COLD,t-test (rare),0.0544150383378679,F1 Score
1425,hiv_lozupone,t-test (rare),0.0704225352112676,F1 Score
1427,ibd_gevers,t-test (rare),0.00371057513914657,F1 Score
1429,Ji_WTP_DS,t-test (rare),0.825531914893617,F1 Score
1438,sed_plastic_rosato,t-test (rare),0.543543543543544,F1 Score
1439,seston_plastic_mccormick,t-test (rare),0.612137203166227,F1 Score
1440,sw_plastic_frere,t-test (rare),0.383561643835616,F1 Score
1441,sw_sed_detender,t-test (rare),0.703239289446186,F1 Score
1443,t1d_mejialeon,t-test (rare),0.0181818181818182,F1 Score
1444,wood_plastic_kesy,t-test (rare),0.337078651685393,F1 Score
1445,ArcticFireSoils,Wilcoxon (CLR),0.200932598558711,F1 Score
1446,ArcticFreshwaters,Wilcoxon (CLR),0.104089219330855,F1 Score
1447,ArcticTransects,Wilcoxon (CLR),0.343078758949881,F1 Score
1452,cdi_schubert,Wilcoxon (CLR),0.140522875816993,F1 Score
1454,Chemerin,Wilcoxon (CLR),0.729281767955801,F1 Score
1456,crc_zeller,Wilcoxon (CLR),0.444444444444444,F1 Score
1457,edd_singh,Wilcoxon (CLR),0.307692307692308,F1 Score
1459,glass_plastic_oberbeckmann,Wilcoxon (CLR),0.05,F1 Score
1460,GWMC_ASIA_NA,Wilcoxon (CLR),0.195856312416157,F1 Score
1461,GWMC_HOT_COLD,Wilcoxon (CLR),0.0533774208786018,F1 Score
1467,Ji_WTP_DS,Wilcoxon (CLR),0.565217391304348,F1 Score
1468,MALL,Wilcoxon (CLR),0.0869565217391304,F1 Score
1471,ob_turnbaugh,Wilcoxon (CLR),0.0689655172413793,F1 Score
1472,ob_zhu,Wilcoxon (CLR),0.261261261261261,F1 Score
1475,sed_plastic_hoellein,Wilcoxon (CLR),0.243032329988852,F1 Score
1476,sed_plastic_rosato,Wilcoxon (CLR),0.689717925386715,F1 Score
1477,seston_plastic_mccormick,Wilcoxon (CLR),0.122972972972973,F1 Score
1478,sw_plastic_frere,Wilcoxon (CLR),0.229963459196102,F1 Score
1479,sw_sed_detender,Wilcoxon (CLR),0.692919348731541,F1 Score
1482,wood_plastic_kesy,Wilcoxon (CLR),0.324022346368715,F1 Score
1483,ArcticFireSoils,Wilcoxon (rare),0.255066732575383,F1 Score
1484,ArcticFreshwaters,Wilcoxon (rare),0.116182572614108,F1 Score
1485,ArcticTransects,Wilcoxon (rare),0.410017889087657,F1 Score
1489,Blueberry,Wilcoxon (rare),0.194174757281553,F1 Score
1490,cdi_schubert,Wilcoxon (rare),0.289719626168224,F1 Score
1492,Chemerin,Wilcoxon (rare),0.718978102189781,F1 Score
1494,crc_zeller,Wilcoxon (rare),0.2,F1 Score
1495,edd_singh,Wilcoxon (rare),0.425806451612903,F1 Score
1497,glass_plastic_oberbeckmann,Wilcoxon (rare),0.32258064516129,F1 Score
1498,GWMC_ASIA_NA,Wilcoxon (rare),0.215162927787785,F1 Score
1499,GWMC_HOT_COLD,Wilcoxon (rare),0.0515981735159817,F1 Score
1502,hiv_noguerajulian,Wilcoxon (rare),0.380952380952381,F1 Score
1503,ibd_gevers,Wilcoxon (rare),0.458823529411765,F1 Score
1505,Ji_WTP_DS,Wilcoxon (rare),0.756013745704467,F1 Score
1510,ob_zhu,Wilcoxon (rare),0.229665071770335,F1 Score
1514,sed_plastic_rosato,Wilcoxon (rare),0.792127921279213,F1 Score
1515,seston_plastic_mccormick,Wilcoxon (rare),0.724373576309795,F1 Score
1516,sw_plastic_frere,Wilcoxon (rare),0.400303260045489,F1 Score
1517,sw_sed_detender,Wilcoxon (rare),0.844130349430703,F1 Score
1519,t1d_mejialeon,Wilcoxon (rare),0.256,F1 Score
1520,wood_plastic_kesy,Wilcoxon (rare),0.504854368932039,F1 Score
1521,ArcticFireSoils,limma voom (TMM),0.230357142857143,F1 Score
1522,ArcticFreshwaters,limma voom (TMM),0.107692307692308,F1 Score
1523,ArcticTransects,limma voom (TMM),0.305526036131775,F1 Score
1526,BISCUIT,limma voom (TMM),0.4,F1 Score
1527,Blueberry,limma voom (TMM),0.152380952380952,F1 Score
1528,cdi_schubert,limma voom (TMM),0.478764478764479,F1 Score
1530,Chemerin,limma voom (TMM),0.779116465863454,F1 Score
1532,crc_zeller,limma voom (TMM),0.00936454849498328,F1 Score
1533,edd_singh,limma voom (TMM),0.516666666666667,F1 Score
1535,glass_plastic_oberbeckmann,limma voom (TMM),0.304347826086957,F1 Score
1536,GWMC_ASIA_NA,limma voom (TMM),0.204259288046013,F1 Score
1537,GWMC_HOT_COLD,limma voom (TMM),0.0467328370554177,F1 Score
1539,hiv_lozupone,limma voom (TMM),0.243589743589744,F1 Score
1541,ibd_gevers,limma voom (TMM),0.180327868852459,F1 Score
1543,Ji_WTP_DS,limma voom (TMM),0.735785953177258,F1 Score
1544,MALL,limma voom (TMM),0.170542635658915,F1 Score
1547,ob_turnbaugh,limma voom (TMM),0.0425531914893617,F1 Score
1548,ob_zhu,limma voom (TMM),0.0319148936170213,F1 Score
1551,sed_plastic_hoellein,limma voom (TMM),0.0436893203883495,F1 Score
1552,sed_plastic_rosato,limma voom (TMM),0.505130228887135,F1 Score
1553,seston_plastic_mccormick,limma voom (TMM),0.538461538461538,F1 Score
1554,sw_plastic_frere,limma voom (TMM),0.856425702811245,F1 Score
1555,sw_sed_detender,limma voom (TMM),0.622837370242215,F1 Score
1557,t1d_mejialeon,limma voom (TMM),0.618556701030928,F1 Score
1558,wood_plastic_kesy,limma voom (TMM),0.651851851851852,F1 Score
1559,ArcticFireSoils,limma voom (TMMwsp),0.297345132743363,F1 Score
1560,ArcticFreshwaters,limma voom (TMMwsp),0.106463878326996,F1 Score
1561,ArcticTransects,limma voom (TMMwsp),0.305851063829787,F1 Score
1565,Blueberry,limma voom (TMMwsp),0.429906542056075,F1 Score
1566,cdi_schubert,limma voom (TMMwsp),0.139240506329114,F1 Score
1567,cdi_vincent,limma voom (TMMwsp),0.129032258064516,F1 Score
1568,Chemerin,limma voom (TMMwsp),0.627575277337559,F1 Score
1570,crc_zeller,limma voom (TMMwsp),0.0526315789473684,F1 Score
1571,edd_singh,limma voom (TMMwsp),0.480769230769231,F1 Score
1573,glass_plastic_oberbeckmann,limma voom (TMMwsp),0.227450980392157,F1 Score
1574,GWMC_ASIA_NA,limma voom (TMMwsp),0.213207853318189,F1 Score
1575,GWMC_HOT_COLD,limma voom (TMMwsp),0.0428517254455821,F1 Score
1577,hiv_lozupone,limma voom (TMMwsp),0.0287769784172662,F1 Score
1578,hiv_noguerajulian,limma voom (TMMwsp),0.00951877313590693,F1 Score
1579,ibd_gevers,limma voom (TMMwsp),0.0350877192982456,F1 Score
1580,ibd_papa,limma voom (TMMwsp),0.279329608938547,F1 Score
1581,Ji_WTP_DS,limma voom (TMMwsp),0.744027303754266,F1 Score
1582,MALL,limma voom (TMMwsp),0.391304347826087,F1 Score
1585,ob_turnbaugh,limma voom (TMMwsp),0.049645390070922,F1 Score
1586,ob_zhu,limma voom (TMMwsp),0.136645962732919,F1 Score
1589,sed_plastic_hoellein,limma voom (TMMwsp),0.303398058252427,F1 Score
1590,sed_plastic_rosato,limma voom (TMMwsp),0.737827715355805,F1 Score
1591,seston_plastic_mccormick,limma voom (TMMwsp),0.239902080783354,F1 Score
1592,sw_plastic_frere,limma voom (TMMwsp),0.763187429854097,F1 Score
1593,sw_sed_detender,limma voom (TMMwsp),0.739380849532037,F1 Score
1595,t1d_mejialeon,limma voom (TMMwsp),0.183333333333333,F1 Score
1596,wood_plastic_kesy,limma voom (TMMwsp),0.597222222222222,F1 Score
